season,date,location,nolaps,tracklength,driver_id,driver_code,driver_name,lap,position,lap_time_s,race_time_s,compound,tireage,is_pit,pitstopduration,nextcompound,gridposition,resultposition,race_id
2018,2018-11-25,YasMarina,55,5554.0,5,ALO,Fernando Alonso,1,14,160.62,160.62,A6,1,False,,,15,11,100
2018,2018-11-25,YasMarina,55,5554.0,5,ALO,Fernando Alonso,2,14,159.334,319.954,A6,2,False,,,15,11,100
2018,2018-11-25,YasMarina,55,5554.0,5,ALO,Fernando Alonso,3,14,155.297,475.251,A6,3,False,,,15,11,100
2018,2018-11-25,YasMarina,55,5554.0,5,ALO,Fernando Alonso,4,14,155.935,631.186,A6,4,False,,,15,11,100
2018,2018-11-25,YasMarina,55,5554.0,5,ALO,Fernando Alonso,5,14,108.819,740.005,A6,5,False,,,15,11,100
2018,2018-11-25,YasMarina,55,5554.0,5,ALO,Fernando Alonso,6,14,108.315,848.32,A6,6,False,,,15,11,100
2018,2018-11-25,YasMarina,55,5554.0,5,ALO,Fernando Alonso,7,13,135.505,983.825,A6,7,False,,,15,11,100
2018,2018-11-25,YasMarina,55,5554.0,5,ALO,Fernando Alonso,8,11,130.45,1114.275,A6,8,False,,,15,11,100
2018,2018-11-25,YasMarina,55,5554.0,5,ALO,Fernando Alonso,9,11,106.648,1220.923,A6,9,False,,,15,11,100
2018,2018-11-25,YasMarina,55,5554.0,5,ALO,Fernando Alonso,10,11,107.209,1328.132,A6,10,False,,,15,11,100
2018,2018-11-25,YasMarina,55,5554.0,5,ALO,Fernando Alonso,11,11,107.419,1435.551,A6,11,False,,,15,11,100
2018,2018-11-25,YasMarina,55,5554.0,5,ALO,Fernando Alonso,12,11,107.284,1542.835,A6,12,False,,,15,11,100
2018,2018-11-25,YasMarina,55,5554.0,5,ALO,Fernando Alonso,13,11,107.56,1650.395,A6,13,False,,,15,11,100
2018,2018-11-25,YasMarina,55,5554.0,5,ALO,Fernando Alonso,14,11,107.653,1758.048,A6,14,False,,,15,11,100
2018,2018-11-25,YasMarina,55,5554.0,5,ALO,Fernando Alonso,15,11,107.721,1865.769,A6,15,False,,,15,11,100
2018,2018-11-25,YasMarina,55,5554.0,5,ALO,Fernando Alonso,16,11,107.635,1973.404,A6,16,False,,,15,11,100
2018,2018-11-25,YasMarina,55,5554.0,5,ALO,Fernando Alonso,17,11,108.324,2081.728,A6,17,False,,,15,11,100
2018,2018-11-25,YasMarina,55,5554.0,5,ALO,Fernando Alonso,18,11,107.816,2189.544,A6,18,False,,,15,11,100
2018,2018-11-25,YasMarina,55,5554.0,5,ALO,Fernando Alonso,19,10,107.634,2297.178,A6,19,False,,,15,11,100
2018,2018-11-25,YasMarina,55,5554.0,5,ALO,Fernando Alonso,20,10,106.987,2404.165,A6,20,False,,,15,11,100
2018,2018-11-25,YasMarina,55,5554.0,5,ALO,Fernando Alonso,21,10,106.81,2510.975,A6,21,False,,,15,11,100
2018,2018-11-25,YasMarina,55,5554.0,5,ALO,Fernando Alonso,22,10,106.579,2617.554,A6,22,False,,,15,11,100
2018,2018-11-25,YasMarina,55,5554.0,5,ALO,Fernando Alonso,23,10,106.459,2724.013,A6,23,False,,,15,11,100
2018,2018-11-25,YasMarina,55,5554.0,5,ALO,Fernando Alonso,24,10,106.905,2830.918,A6,24,False,,,15,11,100
2018,2018-11-25,YasMarina,55,5554.0,5,ALO,Fernando Alonso,25,9,107.727,2938.645,A6,25,False,,,15,11,100
2018,2018-11-25,YasMarina,55,5554.0,5,ALO,Fernando Alonso,26,10,108.962,3047.607,A6,26,False,,,15,11,100
2018,2018-11-25,YasMarina,55,5554.0,5,ALO,Fernando Alonso,27,10,109.095,3156.702,A6,27,True,21.726,A5,15,11,100
2018,2018-11-25,YasMarina,55,5554.0,5,ALO,Fernando Alonso,28,17,124.097,3280.799,A5,1,False,,,15,11,100
2018,2018-11-25,YasMarina,55,5554.0,5,ALO,Fernando Alonso,29,17,103.722,3384.521,A5,2,False,,,15,11,100
2018,2018-11-25,YasMarina,55,5554.0,5,ALO,Fernando Alonso,30,17,105.182,3489.703,A5,3,False,,,15,11,100
2018,2018-11-25,YasMarina,55,5554.0,5,ALO,Fernando Alonso,31,17,106.961,3596.664,A5,4,False,,,15,11,100
2018,2018-11-25,YasMarina,55,5554.0,5,ALO,Fernando Alonso,32,16,105.786,3702.45,A5,5,False,,,15,11,100
2018,2018-11-25,YasMarina,55,5554.0,5,ALO,Fernando Alonso,33,16,105.414,3807.864,A5,6,False,,,15,11,100
2018,2018-11-25,YasMarina,55,5554.0,5,ALO,Fernando Alonso,34,15,105.763,3913.627,A5,7,False,,,15,11,100
2018,2018-11-25,YasMarina,55,5554.0,5,ALO,Fernando Alonso,35,14,106.157,4019.784,A5,8,False,,,15,11,100
2018,2018-11-25,YasMarina,55,5554.0,5,ALO,Fernando Alonso,36,14,104.925,4124.709,A5,9,False,,,15,11,100
2018,2018-11-25,YasMarina,55,5554.0,5,ALO,Fernando Alonso,37,14,105.103,4229.812,A5,10,False,,,15,11,100
2018,2018-11-25,YasMarina,55,5554.0,5,ALO,Fernando Alonso,38,14,104.752,4334.564,A5,11,False,,,15,11,100
2018,2018-11-25,YasMarina,55,5554.0,5,ALO,Fernando Alonso,39,14,104.712,4439.276,A5,12,False,,,15,11,100
2018,2018-11-25,YasMarina,55,5554.0,5,ALO,Fernando Alonso,40,14,104.695,4543.971,A5,13,False,,,15,11,100
2018,2018-11-25,YasMarina,55,5554.0,5,ALO,Fernando Alonso,41,13,106.476,4650.447,A5,14,False,,,15,11,100
2018,2018-11-25,YasMarina,55,5554.0,5,ALO,Fernando Alonso,42,13,104.698,4755.145,A5,15,False,,,15,11,100
2018,2018-11-25,YasMarina,55,5554.0,5,ALO,Fernando Alonso,43,13,105.958,4861.103,A5,16,False,,,15,11,100
2018,2018-11-25,YasMarina,55,5554.0,5,ALO,Fernando Alonso,44,13,107.351,4968.454,A5,17,False,,,15,11,100
2018,2018-11-25,YasMarina,55,5554.0,5,ALO,Fernando Alonso,45,12,104.769,5073.223,A5,18,False,,,15,11,100
2018,2018-11-25,YasMarina,55,5554.0,5,ALO,Fernando Alonso,46,12,105.399,5178.622,A5,19,False,,,15,11,100
2018,2018-11-25,YasMarina,55,5554.0,5,ALO,Fernando Alonso,47,11,104.976,5283.598,A5,20,False,,,15,11,100
2018,2018-11-25,YasMarina,55,5554.0,5,ALO,Fernando Alonso,48,11,104.544,5388.142,A5,21,False,,,15,11,100
2018,2018-11-25,YasMarina,55,5554.0,5,ALO,Fernando Alonso,49,11,103.777,5491.919,A5,22,False,,,15,11,100
2018,2018-11-25,YasMarina,55,5554.0,5,ALO,Fernando Alonso,50,11,103.158,5595.077,A5,23,False,,,15,11,100
2018,2018-11-25,YasMarina,55,5554.0,5,ALO,Fernando Alonso,51,11,103.281,5698.358,A5,24,False,,,15,11,100
2018,2018-11-25,YasMarina,55,5554.0,5,ALO,Fernando Alonso,52,11,103.03,5801.388,A5,25,False,,,15,11,100
2018,2018-11-25,YasMarina,55,5554.0,5,ALO,Fernando Alonso,53,11,102.393,5903.781,A5,26,False,,,15,11,100
2018,2018-11-25,YasMarina,55,5554.0,5,ALO,Fernando Alonso,54,11,104.485,6008.266,A5,27,False,,,15,11,100
2018,2018-11-25,YasMarina,55,5554.0,15,BOT,Valtteri Bottas,1,2,142.875,142.875,A6,3,False,,,2,5,100
2018,2018-11-25,YasMarina,55,5554.0,15,BOT,Valtteri Bottas,2,2,161.312,304.187,A6,4,False,,,2,5,100
2018,2018-11-25,YasMarina,55,5554.0,15,BOT,Valtteri Bottas,3,2,156.431,460.618,A6,5,False,,,2,5,100
2018,2018-11-25,YasMarina,55,5554.0,15,BOT,Valtteri Bottas,4,2,163.77,624.388,A6,6,False,,,2,5,100
2018,2018-11-25,YasMarina,55,5554.0,15,BOT,Valtteri Bottas,5,2,104.776,729.164,A6,7,False,,,2,5,100
2018,2018-11-25,YasMarina,55,5554.0,15,BOT,Valtteri Bottas,6,2,105.632,834.796,A6,8,False,,,2,5,100
2018,2018-11-25,YasMarina,55,5554.0,15,BOT,Valtteri Bottas,7,2,128.859,963.655,A6,9,False,,,2,5,100
2018,2018-11-25,YasMarina,55,5554.0,15,BOT,Valtteri Bottas,8,1,135.002,1098.657,A6,10,False,,,2,5,100
2018,2018-11-25,YasMarina,55,5554.0,15,BOT,Valtteri Bottas,9,1,105.111,1203.768,A6,11,False,,,2,5,100
2018,2018-11-25,YasMarina,55,5554.0,15,BOT,Valtteri Bottas,10,1,104.981,1308.749,A6,12,False,,,2,5,100
2018,2018-11-25,YasMarina,55,5554.0,15,BOT,Valtteri Bottas,11,1,105.034,1413.783,A6,13,False,,,2,5,100
2018,2018-11-25,YasMarina,55,5554.0,15,BOT,Valtteri Bottas,12,1,105.128,1518.911,A6,14,False,,,2,5,100
2018,2018-11-25,YasMarina,55,5554.0,15,BOT,Valtteri Bottas,13,1,104.854,1623.765,A6,15,False,,,2,5,100
2018,2018-11-25,YasMarina,55,5554.0,15,BOT,Valtteri Bottas,14,1,104.579,1728.344,A6,16,False,,,2,5,100
2018,2018-11-25,YasMarina,55,5554.0,15,BOT,Valtteri Bottas,15,1,104.858,1833.202,A6,17,False,,,2,5,100
2018,2018-11-25,YasMarina,55,5554.0,15,BOT,Valtteri Bottas,16,1,106.227,1939.429,A6,18,True,21.6,A5,2,5,100
2018,2018-11-25,YasMarina,55,5554.0,15,BOT,Valtteri Bottas,17,4,124.439,2063.868,A5,1,False,,,2,5,100
2018,2018-11-25,YasMarina,55,5554.0,15,BOT,Valtteri Bottas,18,3,103.095,2166.963,A5,2,False,,,2,5,100
2018,2018-11-25,YasMarina,55,5554.0,15,BOT,Valtteri Bottas,19,3,103.615,2270.578,A5,3,False,,,2,5,100
2018,2018-11-25,YasMarina,55,5554.0,15,BOT,Valtteri Bottas,20,3,103.929,2374.507,A5,4,False,,,2,5,100
2018,2018-11-25,YasMarina,55,5554.0,15,BOT,Valtteri Bottas,21,3,104.397,2478.904,A5,5,False,,,2,5,100
2018,2018-11-25,YasMarina,55,5554.0,15,BOT,Valtteri Bottas,22,3,104.1,2583.004,A5,6,False,,,2,5,100
2018,2018-11-25,YasMarina,55,5554.0,15,BOT,Valtteri Bottas,23,3,104.09,2687.094,A5,7,False,,,2,5,100
2018,2018-11-25,YasMarina,55,5554.0,15,BOT,Valtteri Bottas,24,3,104.154,2791.248,A5,8,False,,,2,5,100
2018,2018-11-25,YasMarina,55,5554.0,15,BOT,Valtteri Bottas,25,3,104.162,2895.41,A5,9,False,,,2,5,100
2018,2018-11-25,YasMarina,55,5554.0,15,BOT,Valtteri Bottas,26,3,104.577,2999.987,A5,10,False,,,2,5,100
2018,2018-11-25,YasMarina,55,5554.0,15,BOT,Valtteri Bottas,27,3,104.825,3104.812,A5,11,False,,,2,5,100
2018,2018-11-25,YasMarina,55,5554.0,15,BOT,Valtteri Bottas,28,3,103.436,3208.248,A5,12,False,,,2,5,100
2018,2018-11-25,YasMarina,55,5554.0,15,BOT,Valtteri Bottas,29,3,103.029,3311.277,A5,13,False,,,2,5,100
2018,2018-11-25,YasMarina,55,5554.0,15,BOT,Valtteri Bottas,30,3,103.158,3414.435,A5,14,False,,,2,5,100
2018,2018-11-25,YasMarina,55,5554.0,15,BOT,Valtteri Bottas,31,3,103.526,3517.961,A5,15,False,,,2,5,100
2018,2018-11-25,YasMarina,55,5554.0,15,BOT,Valtteri Bottas,32,3,102.975,3620.936,A5,16,False,,,2,5,100
2018,2018-11-25,YasMarina,55,5554.0,15,BOT,Valtteri Bottas,33,3,103.093,3724.029,A5,17,False,,,2,5,100
2018,2018-11-25,YasMarina,55,5554.0,15,BOT,Valtteri Bottas,34,2,103.357,3827.386,A5,18,False,,,2,5,100
2018,2018-11-25,YasMarina,55,5554.0,15,BOT,Valtteri Bottas,35,3,106.799,3934.185,A5,19,False,,,2,5,100
2018,2018-11-25,YasMarina,55,5554.0,15,BOT,Valtteri Bottas,36,3,104.818,4039.003,A5,20,False,,,2,5,100
2018,2018-11-25,YasMarina,55,5554.0,15,BOT,Valtteri Bottas,37,3,103.196,4142.199,A5,21,False,,,2,5,100
2018,2018-11-25,YasMarina,55,5554.0,15,BOT,Valtteri Bottas,38,4,106.366,4248.565,A5,22,False,,,2,5,100
2018,2018-11-25,YasMarina,55,5554.0,15,BOT,Valtteri Bottas,39,5,105.475,4354.04,A5,23,False,,,2,5,100
2018,2018-11-25,YasMarina,55,5554.0,15,BOT,Valtteri Bottas,40,5,105.486,4459.526,A5,24,True,21.289,A6,2,5,100
2018,2018-11-25,YasMarina,55,5554.0,15,BOT,Valtteri Bottas,41,5,122.431,4581.957,A6,1,False,,,2,5,100
2018,2018-11-25,YasMarina,55,5554.0,15,BOT,Valtteri Bottas,42,5,100.953,4682.91,A6,2,False,,,2,5,100
2018,2018-11-25,YasMarina,55,5554.0,15,BOT,Valtteri Bottas,43,5,102.311,4785.221,A6,3,False,,,2,5,100
2018,2018-11-25,YasMarina,55,5554.0,15,BOT,Valtteri Bottas,44,5,101.955,4887.176,A6,4,False,,,2,5,100
2018,2018-11-25,YasMarina,55,5554.0,15,BOT,Valtteri Bottas,45,5,102.241,4989.417,A6,5,False,,,2,5,100
2018,2018-11-25,YasMarina,55,5554.0,15,BOT,Valtteri Bottas,46,5,104.055,5093.472,A6,6,False,,,2,5,100
2018,2018-11-25,YasMarina,55,5554.0,15,BOT,Valtteri Bottas,47,5,103.931,5197.403,A6,7,False,,,2,5,100
2018,2018-11-25,YasMarina,55,5554.0,15,BOT,Valtteri Bottas,48,5,104.538,5301.941,A6,8,False,,,2,5,100
2018,2018-11-25,YasMarina,55,5554.0,15,BOT,Valtteri Bottas,49,5,103.102,5405.043,A6,9,False,,,2,5,100
2018,2018-11-25,YasMarina,55,5554.0,15,BOT,Valtteri Bottas,50,5,103.65,5508.693,A6,10,False,,,2,5,100
2018,2018-11-25,YasMarina,55,5554.0,15,BOT,Valtteri Bottas,51,5,102.813,5611.506,A6,11,False,,,2,5,100
2018,2018-11-25,YasMarina,55,5554.0,15,BOT,Valtteri Bottas,52,5,102.802,5714.308,A6,12,False,,,2,5,100
2018,2018-11-25,YasMarina,55,5554.0,15,BOT,Valtteri Bottas,53,5,104.739,5819.047,A6,13,False,,,2,5,100
2018,2018-11-25,YasMarina,55,5554.0,15,BOT,Valtteri Bottas,54,5,104.727,5923.774,A6,14,False,,,2,5,100
2018,2018-11-25,YasMarina,55,5554.0,15,BOT,Valtteri Bottas,55,5,104.565,6028.339,A6,15,False,,,2,5,100
2018,2018-11-25,YasMarina,55,5554.0,19,ERI,Marcus Ericsson,1,12,157.243,157.243,A5,1,False,,,12,18,100
2018,2018-11-25,YasMarina,55,5554.0,19,ERI,Marcus Ericsson,2,12,159.882,317.125,A5,2,False,,,12,18,100
2018,2018-11-25,YasMarina,55,5554.0,19,ERI,Marcus Ericsson,3,12,156.508,473.633,A5,3,False,,,12,18,100
2018,2018-11-25,YasMarina,55,5554.0,19,ERI,Marcus Ericsson,4,12,156.602,630.235,A5,4,False,,,12,18,100
2018,2018-11-25,YasMarina,55,5554.0,19,ERI,Marcus Ericsson,5,12,108.535,738.77,A5,5,False,,,12,18,100
2018,2018-11-25,YasMarina,55,5554.0,19,ERI,Marcus Ericsson,6,12,107.975,846.745,A5,6,False,,,12,18,100
2018,2018-11-25,YasMarina,55,5554.0,19,ERI,Marcus Ericsson,7,10,135.068,981.813,A5,7,False,,,12,18,100
2018,2018-11-25,YasMarina,55,5554.0,19,ERI,Marcus Ericsson,8,8,130.011,1111.824,A5,8,False,,,12,18,100
2018,2018-11-25,YasMarina,55,5554.0,19,ERI,Marcus Ericsson,9,8,106.208,1218.032,A5,9,False,,,12,18,100
2018,2018-11-25,YasMarina,55,5554.0,19,ERI,Marcus Ericsson,10,8,106.898,1324.93,A5,10,False,,,12,18,100
2018,2018-11-25,YasMarina,55,5554.0,19,ERI,Marcus Ericsson,11,8,106.91,1431.84,A5,11,False,,,12,18,100
2018,2018-11-25,YasMarina,55,5554.0,19,ERI,Marcus Ericsson,12,8,107.093,1538.933,A5,12,False,,,12,18,100
2018,2018-11-25,YasMarina,55,5554.0,19,ERI,Marcus Ericsson,13,8,107.927,1646.86,A5,13,False,,,12,18,100
2018,2018-11-25,YasMarina,55,5554.0,19,ERI,Marcus Ericsson,14,9,109.302,1756.162,A5,14,False,,,12,18,100
2018,2018-11-25,YasMarina,55,5554.0,19,ERI,Marcus Ericsson,15,9,107.725,1863.887,A5,15,False,,,12,18,100
2018,2018-11-25,YasMarina,55,5554.0,19,ERI,Marcus Ericsson,16,9,107.638,1971.525,A5,16,False,,,12,18,100
2018,2018-11-25,YasMarina,55,5554.0,19,ERI,Marcus Ericsson,17,9,108.629,2080.154,A5,17,False,,,12,18,100
2018,2018-11-25,YasMarina,55,5554.0,19,ERI,Marcus Ericsson,18,9,107.769,2187.923,A5,18,False,,,12,18,100
2018,2018-11-25,YasMarina,55,5554.0,19,ERI,Marcus Ericsson,19,8,106.543,2294.466,A5,19,False,,,12,18,100
2018,2018-11-25,YasMarina,55,5554.0,19,ERI,Marcus Ericsson,20,8,106.577,2401.043,A5,20,False,,,12,18,100
2018,2018-11-25,YasMarina,55,5554.0,19,ERI,Marcus Ericsson,21,8,106.346,2507.389,A5,21,False,,,12,18,100
2018,2018-11-25,YasMarina,55,5554.0,19,ERI,Marcus Ericsson,22,8,106.077,2613.466,A5,22,False,,,12,18,100
2018,2018-11-25,YasMarina,55,5554.0,19,ERI,Marcus Ericsson,23,8,106.308,2719.774,A5,23,False,,,12,18,100
2018,2018-11-25,YasMarina,55,5554.0,19,ERI,Marcus Ericsson,24,8,106.633,2826.407,A5,24,False,,,12,18,100
2018,2018-11-25,YasMarina,55,5554.0,38,GAS,Pierre Gasly,1,13,158.457,158.457,A5,1,False,,,17,16,100
2018,2018-11-25,YasMarina,55,5554.0,38,GAS,Pierre Gasly,2,13,159.817,318.274,A5,2,False,,,17,16,100
2018,2018-11-25,YasMarina,55,5554.0,38,GAS,Pierre Gasly,3,13,156.068,474.342,A5,3,False,,,17,16,100
2018,2018-11-25,YasMarina,55,5554.0,38,GAS,Pierre Gasly,4,13,156.419,630.761,A5,4,False,,,17,16,100
2018,2018-11-25,YasMarina,55,5554.0,38,GAS,Pierre Gasly,5,13,108.638,739.399,A5,5,False,,,17,16,100
2018,2018-11-25,YasMarina,55,5554.0,38,GAS,Pierre Gasly,6,13,108.004,847.403,A5,6,False,,,17,16,100
2018,2018-11-25,YasMarina,55,5554.0,38,GAS,Pierre Gasly,7,12,135.913,983.316,A5,7,False,,,17,16,100
2018,2018-11-25,YasMarina,55,5554.0,38,GAS,Pierre Gasly,8,10,130.115,1113.431,A5,8,False,,,17,16,100
2018,2018-11-25,YasMarina,55,5554.0,38,GAS,Pierre Gasly,9,10,106.424,1219.855,A5,9,False,,,17,16,100
2018,2018-11-25,YasMarina,55,5554.0,38,GAS,Pierre Gasly,10,10,107.06,1326.915,A5,10,False,,,17,16,100
2018,2018-11-25,YasMarina,55,5554.0,38,GAS,Pierre Gasly,11,10,106.987,1433.902,A5,11,False,,,17,16,100
2018,2018-11-25,YasMarina,55,5554.0,38,GAS,Pierre Gasly,12,10,107.176,1541.078,A5,12,False,,,17,16,100
2018,2018-11-25,YasMarina,55,5554.0,38,GAS,Pierre Gasly,13,10,107.675,1648.753,A5,13,False,,,17,16,100
2018,2018-11-25,YasMarina,55,5554.0,38,GAS,Pierre Gasly,14,10,108.278,1757.031,A5,14,False,,,17,16,100
2018,2018-11-25,YasMarina,55,5554.0,38,GAS,Pierre Gasly,15,10,107.714,1864.745,A5,15,False,,,17,16,100
2018,2018-11-25,YasMarina,55,5554.0,38,GAS,Pierre Gasly,16,10,107.571,1972.316,A5,16,False,,,17,16,100
2018,2018-11-25,YasMarina,55,5554.0,38,GAS,Pierre Gasly,17,10,108.571,2080.887,A5,17,False,,,17,16,100
2018,2018-11-25,YasMarina,55,5554.0,38,GAS,Pierre Gasly,18,10,107.901,2188.788,A5,18,False,,,17,16,100
2018,2018-11-25,YasMarina,55,5554.0,38,GAS,Pierre Gasly,19,9,106.779,2295.567,A5,19,False,,,17,16,100
2018,2018-11-25,YasMarina,55,5554.0,38,GAS,Pierre Gasly,20,9,106.801,2402.368,A5,20,False,,,17,16,100
2018,2018-11-25,YasMarina,55,5554.0,38,GAS,Pierre Gasly,21,9,106.346,2508.714,A5,21,False,,,17,16,100
2018,2018-11-25,YasMarina,55,5554.0,38,GAS,Pierre Gasly,22,9,106.33,2615.044,A5,22,False,,,17,16,100
2018,2018-11-25,YasMarina,55,5554.0,38,GAS,Pierre Gasly,23,9,106.147,2721.191,A5,23,False,,,17,16,100
2018,2018-11-25,YasMarina,55,5554.0,38,GAS,Pierre Gasly,24,9,107.183,2828.374,A5,24,False,,,17,16,100
2018,2018-11-25,YasMarina,55,5554.0,38,GAS,Pierre Gasly,25,8,108.396,2936.77,A5,25,False,,,17,16,100
2018,2018-11-25,YasMarina,55,5554.0,38,GAS,Pierre Gasly,26,8,106.986,3043.756,A5,26,False,,,17,16,100
2018,2018-11-25,YasMarina,55,5554.0,38,GAS,Pierre Gasly,27,7,106.386,3150.142,A5,27,False,,,17,16,100
2018,2018-11-25,YasMarina,55,5554.0,38,GAS,Pierre Gasly,28,7,105.169,3255.311,A5,28,False,,,17,16,100
2018,2018-11-25,YasMarina,55,5554.0,38,GAS,Pierre Gasly,29,7,106.692,3362.003,A5,29,True,22.493,A6,17,16,100
2018,2018-11-25,YasMarina,55,5554.0,38,GAS,Pierre Gasly,30,16,126.614,3488.617,A6,1,False,,,17,16,100
2018,2018-11-25,YasMarina,55,5554.0,38,GAS,Pierre Gasly,31,15,105.816,3594.433,A6,2,False,,,17,16,100
2018,2018-11-25,YasMarina,55,5554.0,38,GAS,Pierre Gasly,32,15,105.746,3700.179,A6,3,False,,,17,16,100
2018,2018-11-25,YasMarina,55,5554.0,38,GAS,Pierre Gasly,33,14,105.458,3805.637,A6,4,False,,,17,16,100
2018,2018-11-25,YasMarina,55,5554.0,38,GAS,Pierre Gasly,34,14,107.027,3912.664,A6,5,False,,,17,16,100
2018,2018-11-25,YasMarina,55,5554.0,38,GAS,Pierre Gasly,35,13,104.569,4017.233,A6,6,False,,,17,16,100
2018,2018-11-25,YasMarina,55,5554.0,38,GAS,Pierre Gasly,36,13,104.517,4121.75,A6,7,False,,,17,16,100
2018,2018-11-25,YasMarina,55,5554.0,38,GAS,Pierre Gasly,37,13,104.751,4226.501,A6,8,False,,,17,16,100
2018,2018-11-25,YasMarina,55,5554.0,38,GAS,Pierre Gasly,38,13,104.455,4330.956,A6,9,False,,,17,16,100
2018,2018-11-25,YasMarina,55,5554.0,38,GAS,Pierre Gasly,39,13,104.455,4435.411,A6,10,False,,,17,16,100
2018,2018-11-25,YasMarina,55,5554.0,38,GAS,Pierre Gasly,40,13,104.919,4540.33,A6,11,False,,,17,16,100
2018,2018-11-25,YasMarina,55,5554.0,38,GAS,Pierre Gasly,41,12,104.088,4644.418,A6,12,False,,,17,16,100
2018,2018-11-25,YasMarina,55,5554.0,38,GAS,Pierre Gasly,42,11,103.988,4748.406,A6,13,False,,,17,16,100
2018,2018-11-25,YasMarina,55,5554.0,38,GAS,Pierre Gasly,43,11,104.078,4852.484,A6,14,False,,,17,16,100
2018,2018-11-25,YasMarina,55,5554.0,38,GAS,Pierre Gasly,44,11,106.2,4958.684,A6,15,False,,,17,16,100
2018,2018-11-25,YasMarina,55,5554.0,38,GAS,Pierre Gasly,45,10,104.584,5063.268,A6,16,False,,,17,16,100
2018,2018-11-25,YasMarina,55,5554.0,38,GAS,Pierre Gasly,46,10,106.249,5169.517,A6,17,False,,,17,16,100
2018,2018-11-25,YasMarina,55,5554.0,22,GRO,Romain Grosjean,1,7,149.795,149.795,A7,3,False,,,7,9,100
2018,2018-11-25,YasMarina,55,5554.0,22,GRO,Romain Grosjean,2,7,160.774,310.569,A7,4,False,,,7,9,100
2018,2018-11-25,YasMarina,55,5554.0,22,GRO,Romain Grosjean,3,7,157.212,467.781,A7,5,False,,,7,9,100
2018,2018-11-25,YasMarina,55,5554.0,22,GRO,Romain Grosjean,4,7,160.062,627.843,A7,6,False,,,7,9,100
2018,2018-11-25,YasMarina,55,5554.0,22,GRO,Romain Grosjean,5,7,106.573,734.416,A7,7,False,,,7,9,100
2018,2018-11-25,YasMarina,55,5554.0,22,GRO,Romain Grosjean,6,6,107.177,841.593,A7,8,False,,,7,9,100
2018,2018-11-25,YasMarina,55,5554.0,22,GRO,Romain Grosjean,7,7,133.568,975.161,A7,9,True,22.354,A5,7,9,100
2018,2018-11-25,YasMarina,55,5554.0,22,GRO,Romain Grosjean,8,18,144.915,1120.076,A5,1,False,,,7,9,100
2018,2018-11-25,YasMarina,55,5554.0,22,GRO,Romain Grosjean,9,17,107.035,1227.111,A5,2,False,,,7,9,100
2018,2018-11-25,YasMarina,55,5554.0,22,GRO,Romain Grosjean,10,17,107.875,1334.986,A5,3,False,,,7,9,100
2018,2018-11-25,YasMarina,55,5554.0,22,GRO,Romain Grosjean,11,16,107.224,1442.21,A5,4,False,,,7,9,100
2018,2018-11-25,YasMarina,55,5554.0,22,GRO,Romain Grosjean,12,16,107.494,1549.704,A5,5,False,,,7,9,100
2018,2018-11-25,YasMarina,55,5554.0,22,GRO,Romain Grosjean,13,16,108.093,1657.797,A5,6,False,,,7,9,100
2018,2018-11-25,YasMarina,55,5554.0,22,GRO,Romain Grosjean,14,16,108.047,1765.844,A5,7,False,,,7,9,100
2018,2018-11-25,YasMarina,55,5554.0,22,GRO,Romain Grosjean,15,16,107.581,1873.425,A5,8,False,,,7,9,100
2018,2018-11-25,YasMarina,55,5554.0,22,GRO,Romain Grosjean,16,16,107.796,1981.221,A5,9,False,,,7,9,100
2018,2018-11-25,YasMarina,55,5554.0,22,GRO,Romain Grosjean,17,16,107.73,2088.951,A5,10,False,,,7,9,100
2018,2018-11-25,YasMarina,55,5554.0,22,GRO,Romain Grosjean,18,16,107.326,2196.277,A5,11,False,,,7,9,100
2018,2018-11-25,YasMarina,55,5554.0,22,GRO,Romain Grosjean,19,15,107.373,2303.65,A5,12,False,,,7,9,100
2018,2018-11-25,YasMarina,55,5554.0,22,GRO,Romain Grosjean,20,15,107.37,2411.02,A5,13,False,,,7,9,100
2018,2018-11-25,YasMarina,55,5554.0,22,GRO,Romain Grosjean,21,15,107.771,2518.791,A5,14,False,,,7,9,100
2018,2018-11-25,YasMarina,55,5554.0,22,GRO,Romain Grosjean,22,15,107.456,2626.247,A5,15,False,,,7,9,100
2018,2018-11-25,YasMarina,55,5554.0,22,GRO,Romain Grosjean,23,15,107.773,2734.02,A5,16,False,,,7,9,100
2018,2018-11-25,YasMarina,55,5554.0,22,GRO,Romain Grosjean,24,15,106.902,2840.922,A5,17,False,,,7,9,100
2018,2018-11-25,YasMarina,55,5554.0,22,GRO,Romain Grosjean,25,14,106.911,2947.833,A5,18,False,,,7,9,100
2018,2018-11-25,YasMarina,55,5554.0,22,GRO,Romain Grosjean,26,14,107.024,3054.857,A5,19,False,,,7,9,100
2018,2018-11-25,YasMarina,55,5554.0,22,GRO,Romain Grosjean,27,14,108.081,3162.938,A5,20,False,,,7,9,100
2018,2018-11-25,YasMarina,55,5554.0,22,GRO,Romain Grosjean,28,13,106.421,3269.359,A5,21,False,,,7,9,100
2018,2018-11-25,YasMarina,55,5554.0,22,GRO,Romain Grosjean,29,13,106.299,3375.658,A5,22,False,,,7,9,100
2018,2018-11-25,YasMarina,55,5554.0,22,GRO,Romain Grosjean,30,13,108.67,3484.328,A5,23,False,,,7,9,100
2018,2018-11-25,YasMarina,55,5554.0,22,GRO,Romain Grosjean,31,13,107.451,3591.779,A5,24,False,,,7,9,100
2018,2018-11-25,YasMarina,55,5554.0,22,GRO,Romain Grosjean,32,12,105.296,3697.075,A5,25,False,,,7,9,100
2018,2018-11-25,YasMarina,55,5554.0,22,GRO,Romain Grosjean,33,12,105.377,3802.452,A5,26,False,,,7,9,100
2018,2018-11-25,YasMarina,55,5554.0,22,GRO,Romain Grosjean,34,12,104.722,3907.174,A5,27,False,,,7,9,100
2018,2018-11-25,YasMarina,55,5554.0,22,GRO,Romain Grosjean,35,12,105.137,4012.311,A5,28,False,,,7,9,100
2018,2018-11-25,YasMarina,55,5554.0,22,GRO,Romain Grosjean,36,12,105.154,4117.465,A5,29,False,,,7,9,100
2018,2018-11-25,YasMarina,55,5554.0,22,GRO,Romain Grosjean,37,12,104.973,4222.438,A5,30,False,,,7,9,100
2018,2018-11-25,YasMarina,55,5554.0,22,GRO,Romain Grosjean,38,12,104.935,4327.373,A5,31,False,,,7,9,100
2018,2018-11-25,YasMarina,55,5554.0,22,GRO,Romain Grosjean,39,12,104.952,4432.325,A5,32,False,,,7,9,100
2018,2018-11-25,YasMarina,55,5554.0,22,GRO,Romain Grosjean,40,11,104.962,4537.287,A5,33,False,,,7,9,100
2018,2018-11-25,YasMarina,55,5554.0,22,GRO,Romain Grosjean,41,11,104.455,4641.742,A5,34,False,,,7,9,100
2018,2018-11-25,YasMarina,55,5554.0,22,GRO,Romain Grosjean,42,10,104.119,4745.861,A5,35,False,,,7,9,100
2018,2018-11-25,YasMarina,55,5554.0,22,GRO,Romain Grosjean,43,10,103.918,4849.779,A5,36,False,,,7,9,100
2018,2018-11-25,YasMarina,55,5554.0,22,GRO,Romain Grosjean,44,10,105.029,4954.808,A5,37,False,,,7,9,100
2018,2018-11-25,YasMarina,55,5554.0,22,GRO,Romain Grosjean,45,9,107.019,5061.827,A5,38,False,,,7,9,100
2018,2018-11-25,YasMarina,55,5554.0,22,GRO,Romain Grosjean,46,9,104.96,5166.787,A5,39,False,,,7,9,100
2018,2018-11-25,YasMarina,55,5554.0,22,GRO,Romain Grosjean,47,9,106.518,5273.305,A5,40,False,,,7,9,100
2018,2018-11-25,YasMarina,55,5554.0,22,GRO,Romain Grosjean,48,9,108.486,5381.791,A5,41,False,,,7,9,100
2018,2018-11-25,YasMarina,55,5554.0,22,GRO,Romain Grosjean,49,9,104.553,5486.344,A5,42,False,,,7,9,100
2018,2018-11-25,YasMarina,55,5554.0,22,GRO,Romain Grosjean,50,9,103.664,5590.008,A5,43,False,,,7,9,100
2018,2018-11-25,YasMarina,55,5554.0,22,GRO,Romain Grosjean,51,9,103.782,5693.79,A5,44,False,,,7,9,100
2018,2018-11-25,YasMarina,55,5554.0,22,GRO,Romain Grosjean,52,9,103.791,5797.581,A5,45,False,,,7,9,100
2018,2018-11-25,YasMarina,55,5554.0,22,GRO,Romain Grosjean,53,9,103.364,5900.945,A5,46,False,,,7,9,100
2018,2018-11-25,YasMarina,55,5554.0,22,GRO,Romain Grosjean,54,9,103.195,6004.14,A5,47,False,,,7,9,100
2018,2018-11-25,YasMarina,55,5554.0,1,HAM,Lewis Hamilton,1,1,134.661,134.661,A6,3,False,,,1,1,100
2018,2018-11-25,YasMarina,55,5554.0,1,HAM,Lewis Hamilton,2,1,168.297,302.958,A6,4,False,,,1,1,100
2018,2018-11-25,YasMarina,55,5554.0,1,HAM,Lewis Hamilton,3,1,156.051,459.009,A6,5,False,,,1,1,100
2018,2018-11-25,YasMarina,55,5554.0,1,HAM,Lewis Hamilton,4,1,164.238,623.247,A6,6,False,,,1,1,100
2018,2018-11-25,YasMarina,55,5554.0,1,HAM,Lewis Hamilton,5,1,103.982,727.229,A6,7,False,,,1,1,100
2018,2018-11-25,YasMarina,55,5554.0,1,HAM,Lewis Hamilton,6,1,104.686,831.915,A6,8,False,,,1,1,100
2018,2018-11-25,YasMarina,55,5554.0,1,HAM,Lewis Hamilton,7,1,128.384,960.299,A6,9,True,21.283,A5,1,1,100
2018,2018-11-25,YasMarina,55,5554.0,1,HAM,Lewis Hamilton,8,5,147.462,1107.761,A5,1,False,,,1,1,100
2018,2018-11-25,YasMarina,55,5554.0,1,HAM,Lewis Hamilton,9,5,104.895,1212.656,A5,2,False,,,1,1,100
2018,2018-11-25,YasMarina,55,5554.0,1,HAM,Lewis Hamilton,10,5,105.144,1317.8,A5,3,False,,,1,1,100
2018,2018-11-25,YasMarina,55,5554.0,1,HAM,Lewis Hamilton,11,5,104.924,1422.724,A5,4,False,,,1,1,100
2018,2018-11-25,YasMarina,55,5554.0,1,HAM,Lewis Hamilton,12,5,105.192,1527.916,A5,5,False,,,1,1,100
2018,2018-11-25,YasMarina,55,5554.0,1,HAM,Lewis Hamilton,13,5,105.021,1632.937,A5,6,False,,,1,1,100
2018,2018-11-25,YasMarina,55,5554.0,1,HAM,Lewis Hamilton,14,5,104.767,1737.704,A5,7,False,,,1,1,100
2018,2018-11-25,YasMarina,55,5554.0,1,HAM,Lewis Hamilton,15,5,105.363,1843.067,A5,8,False,,,1,1,100
2018,2018-11-25,YasMarina,55,5554.0,1,HAM,Lewis Hamilton,16,4,104.884,1947.951,A5,9,False,,,1,1,100
2018,2018-11-25,YasMarina,55,5554.0,1,HAM,Lewis Hamilton,17,3,104.974,2052.925,A5,10,False,,,1,1,100
2018,2018-11-25,YasMarina,55,5554.0,1,HAM,Lewis Hamilton,18,2,105.155,2158.08,A5,11,False,,,1,1,100
2018,2018-11-25,YasMarina,55,5554.0,1,HAM,Lewis Hamilton,19,2,104.263,2262.343,A5,12,False,,,1,1,100
2018,2018-11-25,YasMarina,55,5554.0,1,HAM,Lewis Hamilton,20,2,103.988,2366.331,A5,13,False,,,1,1,100
2018,2018-11-25,YasMarina,55,5554.0,1,HAM,Lewis Hamilton,21,2,104.186,2470.517,A5,14,False,,,1,1,100
2018,2018-11-25,YasMarina,55,5554.0,1,HAM,Lewis Hamilton,22,2,104.119,2574.636,A5,15,False,,,1,1,100
2018,2018-11-25,YasMarina,55,5554.0,1,HAM,Lewis Hamilton,23,2,104.384,2679.02,A5,16,False,,,1,1,100
2018,2018-11-25,YasMarina,55,5554.0,1,HAM,Lewis Hamilton,24,2,104.524,2783.544,A5,17,False,,,1,1,100
2018,2018-11-25,YasMarina,55,5554.0,1,HAM,Lewis Hamilton,25,2,104.25,2887.794,A5,18,False,,,1,1,100
2018,2018-11-25,YasMarina,55,5554.0,1,HAM,Lewis Hamilton,26,2,104.437,2992.231,A5,19,False,,,1,1,100
2018,2018-11-25,YasMarina,55,5554.0,1,HAM,Lewis Hamilton,27,2,105.065,3097.296,A5,20,False,,,1,1,100
2018,2018-11-25,YasMarina,55,5554.0,1,HAM,Lewis Hamilton,28,2,104.006,3201.302,A5,21,False,,,1,1,100
2018,2018-11-25,YasMarina,55,5554.0,1,HAM,Lewis Hamilton,29,2,103.479,3304.781,A5,22,False,,,1,1,100
2018,2018-11-25,YasMarina,55,5554.0,1,HAM,Lewis Hamilton,30,2,103.245,3408.026,A5,23,False,,,1,1,100
2018,2018-11-25,YasMarina,55,5554.0,1,HAM,Lewis Hamilton,31,2,103.3,3511.326,A5,24,False,,,1,1,100
2018,2018-11-25,YasMarina,55,5554.0,1,HAM,Lewis Hamilton,32,2,103.46,3614.786,A5,25,False,,,1,1,100
2018,2018-11-25,YasMarina,55,5554.0,1,HAM,Lewis Hamilton,33,2,103.463,3718.249,A5,26,False,,,1,1,100
2018,2018-11-25,YasMarina,55,5554.0,1,HAM,Lewis Hamilton,34,1,103.183,3821.432,A5,27,False,,,1,1,100
2018,2018-11-25,YasMarina,55,5554.0,1,HAM,Lewis Hamilton,35,1,103.805,3925.237,A5,28,False,,,1,1,100
2018,2018-11-25,YasMarina,55,5554.0,1,HAM,Lewis Hamilton,36,1,103.199,4028.436,A5,29,False,,,1,1,100
2018,2018-11-25,YasMarina,55,5554.0,1,HAM,Lewis Hamilton,37,1,103.137,4131.573,A5,30,False,,,1,1,100
2018,2018-11-25,YasMarina,55,5554.0,1,HAM,Lewis Hamilton,38,1,103.597,4235.17,A5,31,False,,,1,1,100
2018,2018-11-25,YasMarina,55,5554.0,1,HAM,Lewis Hamilton,39,1,103.41,4338.58,A5,32,False,,,1,1,100
2018,2018-11-25,YasMarina,55,5554.0,1,HAM,Lewis Hamilton,40,1,102.976,4441.556,A5,33,False,,,1,1,100
2018,2018-11-25,YasMarina,55,5554.0,1,HAM,Lewis Hamilton,41,1,103.646,4545.202,A5,34,False,,,1,1,100
2018,2018-11-25,YasMarina,55,5554.0,1,HAM,Lewis Hamilton,42,1,102.87,4648.072,A5,35,False,,,1,1,100
2018,2018-11-25,YasMarina,55,5554.0,1,HAM,Lewis Hamilton,43,1,102.677,4750.749,A5,36,False,,,1,1,100
2018,2018-11-25,YasMarina,55,5554.0,1,HAM,Lewis Hamilton,44,1,103.129,4853.878,A5,37,False,,,1,1,100
2018,2018-11-25,YasMarina,55,5554.0,1,HAM,Lewis Hamilton,45,1,103.071,4956.949,A5,38,False,,,1,1,100
2018,2018-11-25,YasMarina,55,5554.0,1,HAM,Lewis Hamilton,46,1,102.388,5059.337,A5,39,False,,,1,1,100
2018,2018-11-25,YasMarina,55,5554.0,1,HAM,Lewis Hamilton,47,1,103.611,5162.948,A5,40,False,,,1,1,100
2018,2018-11-25,YasMarina,55,5554.0,1,HAM,Lewis Hamilton,48,1,102.785,5265.733,A5,41,False,,,1,1,100
2018,2018-11-25,YasMarina,55,5554.0,1,HAM,Lewis Hamilton,49,1,103.451,5369.184,A5,42,False,,,1,1,100
2018,2018-11-25,YasMarina,55,5554.0,1,HAM,Lewis Hamilton,50,1,102.093,5471.277,A5,43,False,,,1,1,100
2018,2018-11-25,YasMarina,55,5554.0,1,HAM,Lewis Hamilton,51,1,101.37,5572.647,A5,44,False,,,1,1,100
2018,2018-11-25,YasMarina,55,5554.0,1,HAM,Lewis Hamilton,52,1,101.896,5674.543,A5,45,False,,,1,1,100
2018,2018-11-25,YasMarina,55,5554.0,1,HAM,Lewis Hamilton,53,1,101.357,5775.9,A5,46,False,,,1,1,100
2018,2018-11-25,YasMarina,55,5554.0,1,HAM,Lewis Hamilton,54,1,101.786,5877.686,A5,47,False,,,1,1,100
2018,2018-11-25,YasMarina,55,5554.0,1,HAM,Lewis Hamilton,55,1,102.696,5980.382,A5,48,False,,,1,1,100
2018,2018-11-25,YasMarina,55,5554.0,39,HAR,Brendon Hartley,1,19,167.566,167.566,A6,1,True,41.012,A5,16,12,100
2018,2018-11-25,YasMarina,55,5554.0,39,HAR,Brendon Hartley,2,19,159.332,326.898,A5,1,False,,,16,12,100
2018,2018-11-25,YasMarina,55,5554.0,39,HAR,Brendon Hartley,3,19,157.549,484.447,A5,2,False,,,16,12,100
2018,2018-11-25,YasMarina,55,5554.0,39,HAR,Brendon Hartley,4,19,151.46,635.907,A5,3,False,,,16,12,100
2018,2018-11-25,YasMarina,55,5554.0,39,HAR,Brendon Hartley,5,19,108.275,744.182,A5,4,False,,,16,12,100
2018,2018-11-25,YasMarina,55,5554.0,39,HAR,Brendon Hartley,6,19,108.985,853.167,A5,5,False,,,16,12,100
2018,2018-11-25,YasMarina,55,5554.0,39,HAR,Brendon Hartley,7,18,135.944,989.111,A5,6,False,,,16,12,100
2018,2018-11-25,YasMarina,55,5554.0,39,HAR,Brendon Hartley,8,17,130.228,1119.339,A5,7,False,,,16,12,100
2018,2018-11-25,YasMarina,55,5554.0,39,HAR,Brendon Hartley,9,18,108.424,1227.763,A5,8,False,,,16,12,100
2018,2018-11-25,YasMarina,55,5554.0,39,HAR,Brendon Hartley,10,18,108.159,1335.922,A5,9,False,,,16,12,100
2018,2018-11-25,YasMarina,55,5554.0,39,HAR,Brendon Hartley,11,18,108.549,1444.471,A5,10,False,,,16,12,100
2018,2018-11-25,YasMarina,55,5554.0,39,HAR,Brendon Hartley,12,18,108.253,1552.724,A5,11,False,,,16,12,100
2018,2018-11-25,YasMarina,55,5554.0,39,HAR,Brendon Hartley,13,18,108.43,1661.154,A5,12,False,,,16,12,100
2018,2018-11-25,YasMarina,55,5554.0,39,HAR,Brendon Hartley,14,18,107.559,1768.713,A5,13,False,,,16,12,100
2018,2018-11-25,YasMarina,55,5554.0,39,HAR,Brendon Hartley,15,18,107.894,1876.607,A5,14,False,,,16,12,100
2018,2018-11-25,YasMarina,55,5554.0,39,HAR,Brendon Hartley,16,18,109.007,1985.614,A5,15,False,,,16,12,100
2018,2018-11-25,YasMarina,55,5554.0,39,HAR,Brendon Hartley,17,18,107.358,2092.972,A5,16,False,,,16,12,100
2018,2018-11-25,YasMarina,55,5554.0,39,HAR,Brendon Hartley,18,18,107.383,2200.355,A5,17,False,,,16,12,100
2018,2018-11-25,YasMarina,55,5554.0,39,HAR,Brendon Hartley,19,17,106.629,2306.984,A5,18,False,,,16,12,100
2018,2018-11-25,YasMarina,55,5554.0,39,HAR,Brendon Hartley,20,17,107.048,2414.032,A5,19,False,,,16,12,100
2018,2018-11-25,YasMarina,55,5554.0,39,HAR,Brendon Hartley,21,17,107.349,2521.381,A5,20,False,,,16,12,100
2018,2018-11-25,YasMarina,55,5554.0,39,HAR,Brendon Hartley,22,18,108.317,2629.698,A5,21,False,,,16,12,100
2018,2018-11-25,YasMarina,55,5554.0,39,HAR,Brendon Hartley,23,18,108.196,2737.894,A5,22,False,,,16,12,100
2018,2018-11-25,YasMarina,55,5554.0,39,HAR,Brendon Hartley,24,18,107.741,2845.635,A5,23,False,,,16,12,100
2018,2018-11-25,YasMarina,55,5554.0,39,HAR,Brendon Hartley,25,16,107.346,2952.981,A5,24,False,,,16,12,100
2018,2018-11-25,YasMarina,55,5554.0,39,HAR,Brendon Hartley,26,16,107.12,3060.101,A5,25,False,,,16,12,100
2018,2018-11-25,YasMarina,55,5554.0,39,HAR,Brendon Hartley,27,16,106.726,3166.827,A5,26,False,,,16,12,100
2018,2018-11-25,YasMarina,55,5554.0,39,HAR,Brendon Hartley,28,15,106.429,3273.256,A5,27,False,,,16,12,100
2018,2018-11-25,YasMarina,55,5554.0,39,HAR,Brendon Hartley,29,15,105.846,3379.102,A5,28,False,,,16,12,100
2018,2018-11-25,YasMarina,55,5554.0,39,HAR,Brendon Hartley,30,14,106.477,3485.579,A5,29,False,,,16,12,100
2018,2018-11-25,YasMarina,55,5554.0,39,HAR,Brendon Hartley,31,14,106.868,3592.447,A5,30,False,,,16,12,100
2018,2018-11-25,YasMarina,55,5554.0,39,HAR,Brendon Hartley,32,14,107.072,3699.519,A5,31,False,,,16,12,100
2018,2018-11-25,YasMarina,55,5554.0,39,HAR,Brendon Hartley,33,15,107.261,3806.78,A5,32,False,,,16,12,100
2018,2018-11-25,YasMarina,55,5554.0,39,HAR,Brendon Hartley,34,16,107.842,3914.622,A5,33,False,,,16,12,100
2018,2018-11-25,YasMarina,55,5554.0,39,HAR,Brendon Hartley,35,16,107.001,4021.623,A5,34,False,,,16,12,100
2018,2018-11-25,YasMarina,55,5554.0,39,HAR,Brendon Hartley,36,15,105.608,4127.231,A5,35,False,,,16,12,100
2018,2018-11-25,YasMarina,55,5554.0,39,HAR,Brendon Hartley,37,15,105.64,4232.871,A5,36,False,,,16,12,100
2018,2018-11-25,YasMarina,55,5554.0,39,HAR,Brendon Hartley,38,15,107.565,4340.436,A5,37,False,,,16,12,100
2018,2018-11-25,YasMarina,55,5554.0,39,HAR,Brendon Hartley,39,15,105.348,4445.784,A5,38,False,,,16,12,100
2018,2018-11-25,YasMarina,55,5554.0,39,HAR,Brendon Hartley,40,15,107.666,4553.45,A5,39,False,,,16,12,100
2018,2018-11-25,YasMarina,55,5554.0,39,HAR,Brendon Hartley,41,14,108.142,4661.592,A5,40,False,,,16,12,100
2018,2018-11-25,YasMarina,55,5554.0,39,HAR,Brendon Hartley,42,14,105.161,4766.753,A5,41,False,,,16,12,100
2018,2018-11-25,YasMarina,55,5554.0,39,HAR,Brendon Hartley,43,14,104.633,4871.386,A5,42,False,,,16,12,100
2018,2018-11-25,YasMarina,55,5554.0,39,HAR,Brendon Hartley,44,14,105.218,4976.604,A5,43,False,,,16,12,100
2018,2018-11-25,YasMarina,55,5554.0,39,HAR,Brendon Hartley,45,13,105.423,5082.027,A5,44,False,,,16,12,100
2018,2018-11-25,YasMarina,55,5554.0,39,HAR,Brendon Hartley,46,13,106.339,5188.366,A5,45,False,,,16,12,100
2018,2018-11-25,YasMarina,55,5554.0,39,HAR,Brendon Hartley,47,12,106.148,5294.514,A5,46,False,,,16,12,100
2018,2018-11-25,YasMarina,55,5554.0,39,HAR,Brendon Hartley,48,12,105.895,5400.409,A5,47,False,,,16,12,100
2018,2018-11-25,YasMarina,55,5554.0,39,HAR,Brendon Hartley,49,12,105.099,5505.508,A5,48,False,,,16,12,100
2018,2018-11-25,YasMarina,55,5554.0,39,HAR,Brendon Hartley,50,12,104.826,5610.334,A5,49,False,,,16,12,100
2018,2018-11-25,YasMarina,55,5554.0,39,HAR,Brendon Hartley,51,12,106.082,5716.416,A5,50,False,,,16,12,100
2018,2018-11-25,YasMarina,55,5554.0,39,HAR,Brendon Hartley,52,12,104.747,5821.163,A5,51,False,,,16,12,100
2018,2018-11-25,YasMarina,55,5554.0,39,HAR,Brendon Hartley,53,12,104.174,5925.337,A5,52,False,,,16,12,100
2018,2018-11-25,YasMarina,55,5554.0,39,HAR,Brendon Hartley,54,12,104.708,6030.045,A5,53,False,,,16,12,100
2018,2018-11-25,YasMarina,55,5554.0,40,LEC,Charles Leclerc,1,5,147.322,147.322,A7,3,False,,,8,7,100
2018,2018-11-25,YasMarina,55,5554.0,40,LEC,Charles Leclerc,2,5,160.666,307.988,A7,4,False,,,8,7,100
2018,2018-11-25,YasMarina,55,5554.0,40,LEC,Charles Leclerc,3,5,156.346,464.334,A7,5,False,,,8,7,100
2018,2018-11-25,YasMarina,55,5554.0,40,LEC,Charles Leclerc,4,5,162.261,626.595,A7,6,False,,,8,7,100
2018,2018-11-25,YasMarina,55,5554.0,40,LEC,Charles Leclerc,5,5,105.931,732.526,A7,7,False,,,8,7,100
2018,2018-11-25,YasMarina,55,5554.0,40,LEC,Charles Leclerc,6,4,106.335,838.861,A7,8,False,,,8,7,100
2018,2018-11-25,YasMarina,55,5554.0,40,LEC,Charles Leclerc,7,4,131.538,970.399,A7,9,True,21.828,A5,8,7,100
2018,2018-11-25,YasMarina,55,5554.0,40,LEC,Charles Leclerc,8,14,146.003,1116.402,A5,1,False,,,8,7,100
2018,2018-11-25,YasMarina,55,5554.0,40,LEC,Charles Leclerc,9,13,106.305,1222.707,A5,2,False,,,8,7,100
2018,2018-11-25,YasMarina,55,5554.0,40,LEC,Charles Leclerc,10,12,106.556,1329.263,A5,3,False,,,8,7,100
2018,2018-11-25,YasMarina,55,5554.0,40,LEC,Charles Leclerc,11,12,107.613,1436.876,A5,4,False,,,8,7,100
2018,2018-11-25,YasMarina,55,5554.0,40,LEC,Charles Leclerc,12,12,107.112,1543.988,A5,5,False,,,8,7,100
2018,2018-11-25,YasMarina,55,5554.0,40,LEC,Charles Leclerc,13,12,107.44,1651.428,A5,6,False,,,8,7,100
2018,2018-11-25,YasMarina,55,5554.0,40,LEC,Charles Leclerc,14,12,107.562,1758.99,A5,7,False,,,8,7,100
2018,2018-11-25,YasMarina,55,5554.0,40,LEC,Charles Leclerc,15,12,108.199,1867.189,A5,8,False,,,8,7,100
2018,2018-11-25,YasMarina,55,5554.0,40,LEC,Charles Leclerc,16,12,108.006,1975.195,A5,9,False,,,8,7,100
2018,2018-11-25,YasMarina,55,5554.0,40,LEC,Charles Leclerc,17,12,107.931,2083.126,A5,10,False,,,8,7,100
2018,2018-11-25,YasMarina,55,5554.0,40,LEC,Charles Leclerc,18,12,107.795,2190.921,A5,11,False,,,8,7,100
2018,2018-11-25,YasMarina,55,5554.0,40,LEC,Charles Leclerc,19,11,107.643,2298.564,A5,12,False,,,8,7,100
2018,2018-11-25,YasMarina,55,5554.0,40,LEC,Charles Leclerc,20,11,107.304,2405.868,A5,13,False,,,8,7,100
2018,2018-11-25,YasMarina,55,5554.0,40,LEC,Charles Leclerc,21,11,106.944,2512.812,A5,14,False,,,8,7,100
2018,2018-11-25,YasMarina,55,5554.0,40,LEC,Charles Leclerc,22,11,106.627,2619.439,A5,15,False,,,8,7,100
2018,2018-11-25,YasMarina,55,5554.0,40,LEC,Charles Leclerc,23,11,106.285,2725.724,A5,16,False,,,8,7,100
2018,2018-11-25,YasMarina,55,5554.0,40,LEC,Charles Leclerc,24,11,106.585,2832.309,A5,17,False,,,8,7,100
2018,2018-11-25,YasMarina,55,5554.0,40,LEC,Charles Leclerc,25,10,107.562,2939.871,A5,18,False,,,8,7,100
2018,2018-11-25,YasMarina,55,5554.0,40,LEC,Charles Leclerc,26,9,106.676,3046.547,A5,19,False,,,8,7,100
2018,2018-11-25,YasMarina,55,5554.0,40,LEC,Charles Leclerc,27,8,106.792,3153.339,A5,20,False,,,8,7,100
2018,2018-11-25,YasMarina,55,5554.0,40,LEC,Charles Leclerc,28,8,105.027,3258.366,A5,21,False,,,8,7,100
2018,2018-11-25,YasMarina,55,5554.0,40,LEC,Charles Leclerc,29,8,104.869,3363.235,A5,22,False,,,8,7,100
2018,2018-11-25,YasMarina,55,5554.0,40,LEC,Charles Leclerc,30,7,104.382,3467.617,A5,23,False,,,8,7,100
2018,2018-11-25,YasMarina,55,5554.0,40,LEC,Charles Leclerc,31,7,104.715,3572.332,A5,24,False,,,8,7,100
2018,2018-11-25,YasMarina,55,5554.0,40,LEC,Charles Leclerc,32,7,104.249,3676.581,A5,25,False,,,8,7,100
2018,2018-11-25,YasMarina,55,5554.0,40,LEC,Charles Leclerc,33,7,103.792,3780.373,A5,26,False,,,8,7,100
2018,2018-11-25,YasMarina,55,5554.0,40,LEC,Charles Leclerc,34,7,104.476,3884.849,A5,27,False,,,8,7,100
2018,2018-11-25,YasMarina,55,5554.0,40,LEC,Charles Leclerc,35,7,104.51,3989.359,A5,28,False,,,8,7,100
2018,2018-11-25,YasMarina,55,5554.0,40,LEC,Charles Leclerc,36,7,104.834,4094.193,A5,29,False,,,8,7,100
2018,2018-11-25,YasMarina,55,5554.0,40,LEC,Charles Leclerc,37,7,104.281,4198.474,A5,30,False,,,8,7,100
2018,2018-11-25,YasMarina,55,5554.0,40,LEC,Charles Leclerc,38,7,105.207,4303.681,A5,31,False,,,8,7,100
2018,2018-11-25,YasMarina,55,5554.0,40,LEC,Charles Leclerc,39,7,104.975,4408.656,A5,32,False,,,8,7,100
2018,2018-11-25,YasMarina,55,5554.0,40,LEC,Charles Leclerc,40,7,104.355,4513.011,A5,33,False,,,8,7,100
2018,2018-11-25,YasMarina,55,5554.0,40,LEC,Charles Leclerc,41,7,103.955,4616.966,A5,34,False,,,8,7,100
2018,2018-11-25,YasMarina,55,5554.0,40,LEC,Charles Leclerc,42,7,103.8,4720.766,A5,35,False,,,8,7,100
2018,2018-11-25,YasMarina,55,5554.0,40,LEC,Charles Leclerc,43,7,103.783,4824.549,A5,36,False,,,8,7,100
2018,2018-11-25,YasMarina,55,5554.0,40,LEC,Charles Leclerc,44,7,103.521,4928.07,A5,37,False,,,8,7,100
2018,2018-11-25,YasMarina,55,5554.0,40,LEC,Charles Leclerc,45,7,103.957,5032.027,A5,38,False,,,8,7,100
2018,2018-11-25,YasMarina,55,5554.0,40,LEC,Charles Leclerc,46,7,105.42,5137.447,A5,39,False,,,8,7,100
2018,2018-11-25,YasMarina,55,5554.0,40,LEC,Charles Leclerc,47,7,104.795,5242.242,A5,40,False,,,8,7,100
2018,2018-11-25,YasMarina,55,5554.0,40,LEC,Charles Leclerc,48,7,104.296,5346.538,A5,41,False,,,8,7,100
2018,2018-11-25,YasMarina,55,5554.0,40,LEC,Charles Leclerc,49,7,104.207,5450.745,A5,42,False,,,8,7,100
2018,2018-11-25,YasMarina,55,5554.0,40,LEC,Charles Leclerc,50,7,103.713,5554.458,A5,43,False,,,8,7,100
2018,2018-11-25,YasMarina,55,5554.0,40,LEC,Charles Leclerc,51,7,103.579,5658.037,A5,44,False,,,8,7,100
2018,2018-11-25,YasMarina,55,5554.0,40,LEC,Charles Leclerc,52,7,103.51,5761.547,A5,45,False,,,8,7,100
2018,2018-11-25,YasMarina,55,5554.0,40,LEC,Charles Leclerc,53,7,103.025,5864.572,A5,46,False,,,8,7,100
2018,2018-11-25,YasMarina,55,5554.0,40,LEC,Charles Leclerc,54,7,102.876,5967.448,A5,47,False,,,8,7,100
2018,2018-11-25,YasMarina,55,5554.0,40,LEC,Charles Leclerc,55,7,103.723,6071.171,A5,48,False,,,8,7,100
2018,2018-11-25,YasMarina,55,5554.0,4,MAG,Kevin Magnussen,1,16,163.596,163.596,A5,1,False,,,13,10,100
2018,2018-11-25,YasMarina,55,5554.0,4,MAG,Kevin Magnussen,2,16,159.88,323.476,A5,2,False,,,13,10,100
2018,2018-11-25,YasMarina,55,5554.0,4,MAG,Kevin Magnussen,3,16,154.431,477.907,A5,3,False,,,13,10,100
2018,2018-11-25,YasMarina,55,5554.0,4,MAG,Kevin Magnussen,4,16,154.265,632.172,A5,4,False,,,13,10,100
2018,2018-11-25,YasMarina,55,5554.0,4,MAG,Kevin Magnussen,5,15,108.778,740.95,A5,5,False,,,13,10,100
2018,2018-11-25,YasMarina,55,5554.0,4,MAG,Kevin Magnussen,6,15,108.618,849.568,A5,6,False,,,13,10,100
2018,2018-11-25,YasMarina,55,5554.0,4,MAG,Kevin Magnussen,7,14,135.634,985.202,A5,7,False,,,13,10,100
2018,2018-11-25,YasMarina,55,5554.0,4,MAG,Kevin Magnussen,8,12,129.753,1114.955,A5,8,False,,,13,10,100
2018,2018-11-25,YasMarina,55,5554.0,4,MAG,Kevin Magnussen,9,12,107.01,1221.965,A5,9,False,,,13,10,100
2018,2018-11-25,YasMarina,55,5554.0,4,MAG,Kevin Magnussen,10,13,108.25,1330.215,A5,10,False,,,13,10,100
2018,2018-11-25,YasMarina,55,5554.0,4,MAG,Kevin Magnussen,11,13,107.849,1438.064,A5,11,False,,,13,10,100
2018,2018-11-25,YasMarina,55,5554.0,4,MAG,Kevin Magnussen,12,13,107.603,1545.667,A5,12,False,,,13,10,100
2018,2018-11-25,YasMarina,55,5554.0,4,MAG,Kevin Magnussen,13,13,107.559,1653.226,A5,13,False,,,13,10,100
2018,2018-11-25,YasMarina,55,5554.0,4,MAG,Kevin Magnussen,14,13,107.798,1761.024,A5,14,False,,,13,10,100
2018,2018-11-25,YasMarina,55,5554.0,4,MAG,Kevin Magnussen,15,13,107.694,1868.718,A5,15,False,,,13,10,100
2018,2018-11-25,YasMarina,55,5554.0,4,MAG,Kevin Magnussen,16,13,107.721,1976.439,A5,16,False,,,13,10,100
2018,2018-11-25,YasMarina,55,5554.0,4,MAG,Kevin Magnussen,17,13,108.017,2084.456,A5,17,False,,,13,10,100
2018,2018-11-25,YasMarina,55,5554.0,4,MAG,Kevin Magnussen,18,13,107.762,2192.218,A5,18,False,,,13,10,100
2018,2018-11-25,YasMarina,55,5554.0,4,MAG,Kevin Magnussen,19,12,107.735,2299.953,A5,19,False,,,13,10,100
2018,2018-11-25,YasMarina,55,5554.0,4,MAG,Kevin Magnussen,20,12,107.378,2407.331,A5,20,False,,,13,10,100
2018,2018-11-25,YasMarina,55,5554.0,4,MAG,Kevin Magnussen,21,12,107.035,2514.366,A5,21,False,,,13,10,100
2018,2018-11-25,YasMarina,55,5554.0,4,MAG,Kevin Magnussen,22,12,107.011,2621.377,A5,22,False,,,13,10,100
2018,2018-11-25,YasMarina,55,5554.0,4,MAG,Kevin Magnussen,23,12,106.418,2727.795,A5,23,False,,,13,10,100
2018,2018-11-25,YasMarina,55,5554.0,4,MAG,Kevin Magnussen,24,12,107.281,2835.076,A5,24,False,,,13,10,100
2018,2018-11-25,YasMarina,55,5554.0,4,MAG,Kevin Magnussen,25,11,107.609,2942.685,A5,25,False,,,13,10,100
2018,2018-11-25,YasMarina,55,5554.0,4,MAG,Kevin Magnussen,26,11,107.402,3050.087,A5,26,False,,,13,10,100
2018,2018-11-25,YasMarina,55,5554.0,4,MAG,Kevin Magnussen,27,11,107.599,3157.686,A5,27,False,,,13,10,100
2018,2018-11-25,YasMarina,55,5554.0,4,MAG,Kevin Magnussen,28,10,105.396,3263.082,A5,28,False,,,13,10,100
2018,2018-11-25,YasMarina,55,5554.0,4,MAG,Kevin Magnussen,29,10,105.132,3368.214,A5,29,False,,,13,10,100
2018,2018-11-25,YasMarina,55,5554.0,4,MAG,Kevin Magnussen,30,9,104.714,3472.928,A5,30,False,,,13,10,100
2018,2018-11-25,YasMarina,55,5554.0,4,MAG,Kevin Magnussen,31,9,104.965,3577.893,A5,31,False,,,13,10,100
2018,2018-11-25,YasMarina,55,5554.0,4,MAG,Kevin Magnussen,32,9,104.863,3682.756,A5,32,False,,,13,10,100
2018,2018-11-25,YasMarina,55,5554.0,4,MAG,Kevin Magnussen,33,9,105.094,3787.85,A5,33,False,,,13,10,100
2018,2018-11-25,YasMarina,55,5554.0,4,MAG,Kevin Magnussen,34,9,104.704,3892.554,A5,34,False,,,13,10,100
2018,2018-11-25,YasMarina,55,5554.0,4,MAG,Kevin Magnussen,35,9,105.487,3998.041,A5,35,False,,,13,10,100
2018,2018-11-25,YasMarina,55,5554.0,4,MAG,Kevin Magnussen,36,9,104.832,4102.873,A5,36,False,,,13,10,100
2018,2018-11-25,YasMarina,55,5554.0,4,MAG,Kevin Magnussen,37,9,104.763,4207.636,A5,37,False,,,13,10,100
2018,2018-11-25,YasMarina,55,5554.0,4,MAG,Kevin Magnussen,38,9,104.915,4312.551,A5,38,False,,,13,10,100
2018,2018-11-25,YasMarina,55,5554.0,4,MAG,Kevin Magnussen,39,9,105.112,4417.663,A5,39,False,,,13,10,100
2018,2018-11-25,YasMarina,55,5554.0,4,MAG,Kevin Magnussen,40,9,104.967,4522.63,A5,40,False,,,13,10,100
2018,2018-11-25,YasMarina,55,5554.0,4,MAG,Kevin Magnussen,41,9,106.505,4629.135,A5,41,True,21.587,A6,13,10,100
2018,2018-11-25,YasMarina,55,5554.0,4,MAG,Kevin Magnussen,42,12,123.475,4752.61,A6,1,False,,,13,10,100
2018,2018-11-25,YasMarina,55,5554.0,4,MAG,Kevin Magnussen,43,12,103.786,4856.396,A6,2,False,,,13,10,100
2018,2018-11-25,YasMarina,55,5554.0,4,MAG,Kevin Magnussen,44,12,103.828,4960.224,A6,3,False,,,13,10,100
2018,2018-11-25,YasMarina,55,5554.0,4,MAG,Kevin Magnussen,45,11,105.513,5065.737,A6,4,False,,,13,10,100
2018,2018-11-25,YasMarina,55,5554.0,4,MAG,Kevin Magnussen,46,11,107.521,5173.258,A6,5,False,,,13,10,100
2018,2018-11-25,YasMarina,55,5554.0,4,MAG,Kevin Magnussen,47,10,105.528,5278.786,A6,6,False,,,13,10,100
2018,2018-11-25,YasMarina,55,5554.0,4,MAG,Kevin Magnussen,48,10,105.296,5384.082,A6,7,False,,,13,10,100
2018,2018-11-25,YasMarina,55,5554.0,4,MAG,Kevin Magnussen,49,10,104.473,5488.555,A6,8,False,,,13,10,100
2018,2018-11-25,YasMarina,55,5554.0,4,MAG,Kevin Magnussen,50,10,103.593,5592.148,A6,9,False,,,13,10,100
2018,2018-11-25,YasMarina,55,5554.0,4,MAG,Kevin Magnussen,51,10,103.837,5695.985,A6,10,False,,,13,10,100
2018,2018-11-25,YasMarina,55,5554.0,4,MAG,Kevin Magnussen,52,10,103.4,5799.385,A6,11,False,,,13,10,100
2018,2018-11-25,YasMarina,55,5554.0,4,MAG,Kevin Magnussen,53,10,102.822,5902.207,A6,12,False,,,13,10,100
2018,2018-11-25,YasMarina,55,5554.0,4,MAG,Kevin Magnussen,54,10,103.468,6005.675,A6,13,False,,,13,10,100
2018,2018-11-25,YasMarina,55,5554.0,34,OCO,Esteban Ocon,1,8,150.399,150.399,A7,3,False,,,9,17,100
2018,2018-11-25,YasMarina,55,5554.0,34,OCO,Esteban Ocon,2,8,161.012,311.411,A7,4,False,,,9,17,100
2018,2018-11-25,YasMarina,55,5554.0,34,OCO,Esteban Ocon,3,8,157.046,468.457,A7,5,False,,,9,17,100
2018,2018-11-25,YasMarina,55,5554.0,34,OCO,Esteban Ocon,4,8,159.78,628.237,A7,6,False,,,9,17,100
2018,2018-11-25,YasMarina,55,5554.0,34,OCO,Esteban Ocon,5,8,107.301,735.538,A7,7,False,,,9,17,100
2018,2018-11-25,YasMarina,55,5554.0,34,OCO,Esteban Ocon,6,8,108.763,844.301,A7,8,False,,,9,17,100
2018,2018-11-25,YasMarina,55,5554.0,34,OCO,Esteban Ocon,7,8,133.5,977.801,A7,9,False,,,9,17,100
2018,2018-11-25,YasMarina,55,5554.0,34,OCO,Esteban Ocon,8,6,132.194,1109.995,A7,10,False,,,9,17,100
2018,2018-11-25,YasMarina,55,5554.0,34,OCO,Esteban Ocon,9,6,105.919,1215.914,A7,11,False,,,9,17,100
2018,2018-11-25,YasMarina,55,5554.0,34,OCO,Esteban Ocon,10,6,106.374,1322.288,A7,12,False,,,9,17,100
2018,2018-11-25,YasMarina,55,5554.0,34,OCO,Esteban Ocon,11,6,106.545,1428.833,A7,13,False,,,9,17,100
2018,2018-11-25,YasMarina,55,5554.0,34,OCO,Esteban Ocon,12,6,107.09,1535.923,A7,14,False,,,9,17,100
2018,2018-11-25,YasMarina,55,5554.0,34,OCO,Esteban Ocon,13,6,107.439,1643.362,A7,15,False,,,9,17,100
2018,2018-11-25,YasMarina,55,5554.0,34,OCO,Esteban Ocon,14,6,107.459,1750.821,A7,16,False,,,9,17,100
2018,2018-11-25,YasMarina,55,5554.0,34,OCO,Esteban Ocon,15,6,107.543,1858.364,A7,17,False,,,9,17,100
2018,2018-11-25,YasMarina,55,5554.0,34,OCO,Esteban Ocon,16,7,109.844,1968.208,A7,18,False,,,9,17,100
2018,2018-11-25,YasMarina,55,5554.0,34,OCO,Esteban Ocon,17,7,108.494,2076.702,A7,19,False,,,9,17,100
2018,2018-11-25,YasMarina,55,5554.0,34,OCO,Esteban Ocon,18,8,108.526,2185.228,A7,20,True,21.979,A5,9,17,100
2018,2018-11-25,YasMarina,55,5554.0,34,OCO,Esteban Ocon,19,18,124.792,2310.02,A5,1,False,,,9,17,100
2018,2018-11-25,YasMarina,55,5554.0,34,OCO,Esteban Ocon,20,18,105.419,2415.439,A5,2,False,,,9,17,100
2018,2018-11-25,YasMarina,55,5554.0,34,OCO,Esteban Ocon,21,18,106.608,2522.047,A5,3,False,,,9,17,100
2018,2018-11-25,YasMarina,55,5554.0,34,OCO,Esteban Ocon,22,17,106.619,2628.666,A5,4,False,,,9,17,100
2018,2018-11-25,YasMarina,55,5554.0,34,OCO,Esteban Ocon,23,16,106.899,2735.565,A5,5,False,,,9,17,100
2018,2018-11-25,YasMarina,55,5554.0,34,OCO,Esteban Ocon,24,16,106.564,2842.129,A5,6,False,,,9,17,100
2018,2018-11-25,YasMarina,55,5554.0,34,OCO,Esteban Ocon,25,15,106.449,2948.578,A5,7,False,,,9,17,100
2018,2018-11-25,YasMarina,55,5554.0,34,OCO,Esteban Ocon,26,15,107.023,3055.601,A5,8,False,,,9,17,100
2018,2018-11-25,YasMarina,55,5554.0,34,OCO,Esteban Ocon,27,15,107.986,3163.587,A5,9,False,,,9,17,100
2018,2018-11-25,YasMarina,55,5554.0,34,OCO,Esteban Ocon,28,14,106.557,3270.144,A5,10,False,,,9,17,100
2018,2018-11-25,YasMarina,55,5554.0,34,OCO,Esteban Ocon,29,14,106.181,3376.325,A5,11,False,,,9,17,100
2018,2018-11-25,YasMarina,55,5554.0,34,OCO,Esteban Ocon,30,12,106.937,3483.262,A5,12,False,,,9,17,100
2018,2018-11-25,YasMarina,55,5554.0,34,OCO,Esteban Ocon,31,11,106.743,3590.005,A5,13,False,,,9,17,100
2018,2018-11-25,YasMarina,55,5554.0,34,OCO,Esteban Ocon,32,11,104.91,3694.915,A5,14,False,,,9,17,100
2018,2018-11-25,YasMarina,55,5554.0,34,OCO,Esteban Ocon,33,11,104.232,3799.147,A5,15,False,,,9,17,100
2018,2018-11-25,YasMarina,55,5554.0,34,OCO,Esteban Ocon,34,11,104.195,3903.342,A5,16,False,,,9,17,100
2018,2018-11-25,YasMarina,55,5554.0,34,OCO,Esteban Ocon,35,11,104.254,4007.596,A5,17,False,,,9,17,100
2018,2018-11-25,YasMarina,55,5554.0,34,OCO,Esteban Ocon,36,11,104.71,4112.306,A5,18,False,,,9,17,100
2018,2018-11-25,YasMarina,55,5554.0,34,OCO,Esteban Ocon,37,11,105.512,4217.818,A5,19,False,,,9,17,100
2018,2018-11-25,YasMarina,55,5554.0,34,OCO,Esteban Ocon,38,10,104.12,4321.938,A5,20,False,,,9,17,100
2018,2018-11-25,YasMarina,55,5554.0,34,OCO,Esteban Ocon,39,10,104.279,4426.217,A5,21,False,,,9,17,100
2018,2018-11-25,YasMarina,55,5554.0,34,OCO,Esteban Ocon,40,10,103.937,4530.154,A5,22,False,,,9,17,100
2018,2018-11-25,YasMarina,55,5554.0,34,OCO,Esteban Ocon,41,10,103.591,4633.745,A5,23,False,,,9,17,100
2018,2018-11-25,YasMarina,55,5554.0,34,OCO,Esteban Ocon,42,9,103.692,4737.437,A5,24,False,,,9,17,100
2018,2018-11-25,YasMarina,55,5554.0,34,OCO,Esteban Ocon,43,9,103.901,4841.338,A5,25,False,,,9,17,100
2018,2018-11-25,YasMarina,55,5554.0,34,OCO,Esteban Ocon,44,9,104.407,4945.745,A5,26,False,,,9,17,100
2018,2018-11-25,YasMarina,55,5554.0,16,PER,Sergio Perez,1,10,153.936,153.936,A6,1,False,,,14,8,100
2018,2018-11-25,YasMarina,55,5554.0,16,PER,Sergio Perez,2,10,159.877,313.813,A6,2,False,,,14,8,100
2018,2018-11-25,YasMarina,55,5554.0,16,PER,Sergio Perez,3,10,156.867,470.68,A6,3,False,,,14,8,100
2018,2018-11-25,YasMarina,55,5554.0,16,PER,Sergio Perez,4,10,158.542,629.222,A6,4,False,,,14,8,100
2018,2018-11-25,YasMarina,55,5554.0,16,PER,Sergio Perez,5,10,108.054,737.276,A6,5,False,,,14,8,100
2018,2018-11-25,YasMarina,55,5554.0,16,PER,Sergio Perez,6,9,107.897,845.173,A6,6,False,,,14,8,100
2018,2018-11-25,YasMarina,55,5554.0,16,PER,Sergio Perez,7,9,133.849,979.022,A6,7,False,,,14,8,100
2018,2018-11-25,YasMarina,55,5554.0,16,PER,Sergio Perez,8,7,131.883,1110.905,A6,8,False,,,14,8,100
2018,2018-11-25,YasMarina,55,5554.0,16,PER,Sergio Perez,9,7,106.079,1216.984,A6,9,False,,,14,8,100
2018,2018-11-25,YasMarina,55,5554.0,16,PER,Sergio Perez,10,7,106.885,1323.869,A6,10,False,,,14,8,100
2018,2018-11-25,YasMarina,55,5554.0,16,PER,Sergio Perez,11,7,106.673,1430.542,A6,11,False,,,14,8,100
2018,2018-11-25,YasMarina,55,5554.0,16,PER,Sergio Perez,12,7,106.904,1537.446,A6,12,False,,,14,8,100
2018,2018-11-25,YasMarina,55,5554.0,16,PER,Sergio Perez,13,7,107.239,1644.685,A6,13,False,,,14,8,100
2018,2018-11-25,YasMarina,55,5554.0,16,PER,Sergio Perez,14,7,107.342,1752.027,A6,14,False,,,14,8,100
2018,2018-11-25,YasMarina,55,5554.0,16,PER,Sergio Perez,15,7,107.53,1859.557,A6,15,False,,,14,8,100
2018,2018-11-25,YasMarina,55,5554.0,16,PER,Sergio Perez,16,6,107.428,1966.985,A6,16,False,,,14,8,100
2018,2018-11-25,YasMarina,55,5554.0,16,PER,Sergio Perez,17,6,106.562,2073.547,A6,17,False,,,14,8,100
2018,2018-11-25,YasMarina,55,5554.0,16,PER,Sergio Perez,18,6,106.275,2179.822,A6,18,False,,,14,8,100
2018,2018-11-25,YasMarina,55,5554.0,16,PER,Sergio Perez,19,6,106.04,2285.862,A6,19,False,,,14,8,100
2018,2018-11-25,YasMarina,55,5554.0,16,PER,Sergio Perez,20,6,106.065,2391.927,A6,20,False,,,14,8,100
2018,2018-11-25,YasMarina,55,5554.0,16,PER,Sergio Perez,21,6,106.188,2498.115,A6,21,False,,,14,8,100
2018,2018-11-25,YasMarina,55,5554.0,16,PER,Sergio Perez,22,6,105.853,2603.968,A6,22,False,,,14,8,100
2018,2018-11-25,YasMarina,55,5554.0,16,PER,Sergio Perez,23,6,105.992,2709.96,A6,23,False,,,14,8,100
2018,2018-11-25,YasMarina,55,5554.0,16,PER,Sergio Perez,24,6,106.238,2816.198,A6,24,False,,,14,8,100
2018,2018-11-25,YasMarina,55,5554.0,16,PER,Sergio Perez,25,6,106.301,2922.499,A6,25,False,,,14,8,100
2018,2018-11-25,YasMarina,55,5554.0,16,PER,Sergio Perez,26,7,108.456,3030.955,A6,26,True,22.112,A5,14,8,100
2018,2018-11-25,YasMarina,55,5554.0,16,PER,Sergio Perez,27,9,124.774,3155.729,A5,1,False,,,14,8,100
2018,2018-11-25,YasMarina,55,5554.0,16,PER,Sergio Perez,28,9,103.911,3259.64,A5,2,False,,,14,8,100
2018,2018-11-25,YasMarina,55,5554.0,16,PER,Sergio Perez,29,9,104.354,3363.994,A5,3,False,,,14,8,100
2018,2018-11-25,YasMarina,55,5554.0,16,PER,Sergio Perez,30,8,104.667,3468.661,A5,4,False,,,14,8,100
2018,2018-11-25,YasMarina,55,5554.0,16,PER,Sergio Perez,31,8,105.093,3573.754,A5,5,False,,,14,8,100
2018,2018-11-25,YasMarina,55,5554.0,16,PER,Sergio Perez,32,8,104.413,3678.167,A5,6,False,,,14,8,100
2018,2018-11-25,YasMarina,55,5554.0,16,PER,Sergio Perez,33,8,104.665,3782.832,A5,7,False,,,14,8,100
2018,2018-11-25,YasMarina,55,5554.0,16,PER,Sergio Perez,34,8,104.795,3887.627,A5,8,False,,,14,8,100
2018,2018-11-25,YasMarina,55,5554.0,16,PER,Sergio Perez,35,8,104.987,3992.614,A5,9,False,,,14,8,100
2018,2018-11-25,YasMarina,55,5554.0,16,PER,Sergio Perez,36,8,104.445,4097.059,A5,10,False,,,14,8,100
2018,2018-11-25,YasMarina,55,5554.0,16,PER,Sergio Perez,37,8,104.362,4201.421,A5,11,False,,,14,8,100
2018,2018-11-25,YasMarina,55,5554.0,16,PER,Sergio Perez,38,8,104.784,4306.205,A5,12,False,,,14,8,100
2018,2018-11-25,YasMarina,55,5554.0,16,PER,Sergio Perez,39,8,104.899,4411.104,A5,13,False,,,14,8,100
2018,2018-11-25,YasMarina,55,5554.0,16,PER,Sergio Perez,40,8,104.669,4515.773,A5,14,False,,,14,8,100
2018,2018-11-25,YasMarina,55,5554.0,16,PER,Sergio Perez,41,8,104.216,4619.989,A5,15,False,,,14,8,100
2018,2018-11-25,YasMarina,55,5554.0,16,PER,Sergio Perez,42,8,104.214,4724.203,A5,16,False,,,14,8,100
2018,2018-11-25,YasMarina,55,5554.0,16,PER,Sergio Perez,43,8,103.873,4828.076,A5,17,False,,,14,8,100
2018,2018-11-25,YasMarina,55,5554.0,16,PER,Sergio Perez,44,8,103.824,4931.9,A5,18,False,,,14,8,100
2018,2018-11-25,YasMarina,55,5554.0,16,PER,Sergio Perez,45,8,103.983,5035.883,A5,19,False,,,14,8,100
2018,2018-11-25,YasMarina,55,5554.0,16,PER,Sergio Perez,46,8,105.063,5140.946,A5,20,False,,,14,8,100
2018,2018-11-25,YasMarina,55,5554.0,16,PER,Sergio Perez,47,8,103.722,5244.668,A5,21,False,,,14,8,100
2018,2018-11-25,YasMarina,55,5554.0,16,PER,Sergio Perez,48,8,104.225,5348.893,A5,22,False,,,14,8,100
2018,2018-11-25,YasMarina,55,5554.0,16,PER,Sergio Perez,49,8,103.794,5452.687,A5,23,False,,,14,8,100
2018,2018-11-25,YasMarina,55,5554.0,16,PER,Sergio Perez,50,8,103.563,5556.25,A5,24,False,,,14,8,100
2018,2018-11-25,YasMarina,55,5554.0,16,PER,Sergio Perez,51,8,103.02,5659.27,A5,25,False,,,14,8,100
2018,2018-11-25,YasMarina,55,5554.0,16,PER,Sergio Perez,52,8,103.307,5762.577,A5,26,False,,,14,8,100
2018,2018-11-25,YasMarina,55,5554.0,16,PER,Sergio Perez,53,8,102.816,5865.393,A5,27,False,,,14,8,100
2018,2018-11-25,YasMarina,55,5554.0,16,PER,Sergio Perez,54,8,102.819,5968.212,A5,28,False,,,14,8,100
2018,2018-11-25,YasMarina,55,5554.0,16,PER,Sergio Perez,55,8,103.445,6071.657,A5,29,False,,,14,8,100
2018,2018-11-25,YasMarina,55,5554.0,11,RAI,Kimi Raikkonen,1,4,144.723,144.723,A6,3,False,,,4,19,100
2018,2018-11-25,YasMarina,55,5554.0,11,RAI,Kimi Raikkonen,2,4,162.354,307.077,A6,4,False,,,4,19,100
2018,2018-11-25,YasMarina,55,5554.0,11,RAI,Kimi Raikkonen,3,4,156.265,463.342,A6,5,False,,,4,19,100
2018,2018-11-25,YasMarina,55,5554.0,11,RAI,Kimi Raikkonen,4,4,162.815,626.157,A6,6,False,,,4,19,100
2018,2018-11-25,YasMarina,55,5554.0,11,RAI,Kimi Raikkonen,5,4,105.198,731.355,A6,7,False,,,4,19,100
2018,2018-11-25,YasMarina,55,5554.0,11,RAI,Kimi Raikkonen,6,11,115.382,846.737,A6,8,False,,,4,19,100
2018,2018-11-25,YasMarina,55,5554.0,2,RIC,Daniel Ricciardo,1,6,148.804,148.804,A6,3,False,,,5,4,100
2018,2018-11-25,YasMarina,55,5554.0,2,RIC,Daniel Ricciardo,2,6,160.671,309.475,A6,4,False,,,5,4,100
2018,2018-11-25,YasMarina,55,5554.0,2,RIC,Daniel Ricciardo,3,6,157.203,466.678,A6,5,False,,,5,4,100
2018,2018-11-25,YasMarina,55,5554.0,2,RIC,Daniel Ricciardo,4,6,160.519,627.197,A6,6,False,,,5,4,100
2018,2018-11-25,YasMarina,55,5554.0,2,RIC,Daniel Ricciardo,5,6,106.167,733.364,A6,7,False,,,5,4,100
2018,2018-11-25,YasMarina,55,5554.0,2,RIC,Daniel Ricciardo,6,5,107.416,840.78,A6,8,False,,,5,4,100
2018,2018-11-25,YasMarina,55,5554.0,2,RIC,Daniel Ricciardo,7,5,132.377,973.157,A6,9,False,,,5,4,100
2018,2018-11-25,YasMarina,55,5554.0,2,RIC,Daniel Ricciardo,8,3,132.129,1105.286,A6,10,False,,,5,4,100
2018,2018-11-25,YasMarina,55,5554.0,2,RIC,Daniel Ricciardo,9,3,103.861,1209.147,A6,11,False,,,5,4,100
2018,2018-11-25,YasMarina,55,5554.0,2,RIC,Daniel Ricciardo,10,3,104.593,1313.74,A6,12,False,,,5,4,100
2018,2018-11-25,YasMarina,55,5554.0,2,RIC,Daniel Ricciardo,11,3,104.67,1418.41,A6,13,False,,,5,4,100
2018,2018-11-25,YasMarina,55,5554.0,2,RIC,Daniel Ricciardo,12,3,104.602,1523.012,A6,14,False,,,5,4,100
2018,2018-11-25,YasMarina,55,5554.0,2,RIC,Daniel Ricciardo,13,3,105.117,1628.129,A6,15,False,,,5,4,100
2018,2018-11-25,YasMarina,55,5554.0,2,RIC,Daniel Ricciardo,14,3,104.794,1732.923,A6,16,False,,,5,4,100
2018,2018-11-25,YasMarina,55,5554.0,2,RIC,Daniel Ricciardo,15,2,105.042,1837.965,A6,17,False,,,5,4,100
2018,2018-11-25,YasMarina,55,5554.0,2,RIC,Daniel Ricciardo,16,2,104.631,1942.596,A6,18,False,,,5,4,100
2018,2018-11-25,YasMarina,55,5554.0,2,RIC,Daniel Ricciardo,17,1,104.607,2047.203,A6,19,False,,,5,4,100
2018,2018-11-25,YasMarina,55,5554.0,2,RIC,Daniel Ricciardo,18,1,104.467,2151.67,A6,20,False,,,5,4,100
2018,2018-11-25,YasMarina,55,5554.0,2,RIC,Daniel Ricciardo,19,1,104.294,2255.964,A6,21,False,,,5,4,100
2018,2018-11-25,YasMarina,55,5554.0,2,RIC,Daniel Ricciardo,20,1,104.358,2360.322,A6,22,False,,,5,4,100
2018,2018-11-25,YasMarina,55,5554.0,2,RIC,Daniel Ricciardo,21,1,103.983,2464.305,A6,23,False,,,5,4,100
2018,2018-11-25,YasMarina,55,5554.0,2,RIC,Daniel Ricciardo,22,1,103.868,2568.173,A6,24,False,,,5,4,100
2018,2018-11-25,YasMarina,55,5554.0,2,RIC,Daniel Ricciardo,23,1,103.881,2672.054,A6,25,False,,,5,4,100
2018,2018-11-25,YasMarina,55,5554.0,2,RIC,Daniel Ricciardo,24,1,105.311,2777.365,A6,26,False,,,5,4,100
2018,2018-11-25,YasMarina,55,5554.0,2,RIC,Daniel Ricciardo,25,1,105.227,2882.592,A6,27,False,,,5,4,100
2018,2018-11-25,YasMarina,55,5554.0,2,RIC,Daniel Ricciardo,26,1,104.839,2987.431,A6,28,False,,,5,4,100
2018,2018-11-25,YasMarina,55,5554.0,2,RIC,Daniel Ricciardo,27,1,106.698,3094.129,A6,29,False,,,5,4,100
2018,2018-11-25,YasMarina,55,5554.0,2,RIC,Daniel Ricciardo,28,1,104.304,3198.433,A6,30,False,,,5,4,100
2018,2018-11-25,YasMarina,55,5554.0,2,RIC,Daniel Ricciardo,29,1,103.406,3301.839,A6,31,False,,,5,4,100
2018,2018-11-25,YasMarina,55,5554.0,2,RIC,Daniel Ricciardo,30,1,103.267,3405.106,A6,32,False,,,5,4,100
2018,2018-11-25,YasMarina,55,5554.0,2,RIC,Daniel Ricciardo,31,1,103.493,3508.599,A6,33,False,,,5,4,100
2018,2018-11-25,YasMarina,55,5554.0,2,RIC,Daniel Ricciardo,32,1,103.202,3611.801,A6,34,False,,,5,4,100
2018,2018-11-25,YasMarina,55,5554.0,2,RIC,Daniel Ricciardo,33,1,104.613,3716.414,A6,35,True,21.061,A5,5,4,100
2018,2018-11-25,YasMarina,55,5554.0,2,RIC,Daniel Ricciardo,34,5,121.418,3837.832,A5,1,False,,,5,4,100
2018,2018-11-25,YasMarina,55,5554.0,2,RIC,Daniel Ricciardo,35,5,101.249,3939.081,A5,2,False,,,5,4,100
2018,2018-11-25,YasMarina,55,5554.0,2,RIC,Daniel Ricciardo,36,5,102.691,4041.772,A5,3,False,,,5,4,100
2018,2018-11-25,YasMarina,55,5554.0,2,RIC,Daniel Ricciardo,37,5,102.945,4144.717,A5,4,False,,,5,4,100
2018,2018-11-25,YasMarina,55,5554.0,2,RIC,Daniel Ricciardo,38,5,104.59,4249.307,A5,5,False,,,5,4,100
2018,2018-11-25,YasMarina,55,5554.0,2,RIC,Daniel Ricciardo,39,4,103.206,4352.513,A5,6,False,,,5,4,100
2018,2018-11-25,YasMarina,55,5554.0,2,RIC,Daniel Ricciardo,40,4,102.492,4455.005,A5,7,False,,,5,4,100
2018,2018-11-25,YasMarina,55,5554.0,2,RIC,Daniel Ricciardo,41,4,101.895,4556.9,A5,8,False,,,5,4,100
2018,2018-11-25,YasMarina,55,5554.0,2,RIC,Daniel Ricciardo,42,4,102.428,4659.328,A5,9,False,,,5,4,100
2018,2018-11-25,YasMarina,55,5554.0,2,RIC,Daniel Ricciardo,43,4,101.92,4761.248,A5,10,False,,,5,4,100
2018,2018-11-25,YasMarina,55,5554.0,2,RIC,Daniel Ricciardo,44,4,102.412,4863.66,A5,11,False,,,5,4,100
2018,2018-11-25,YasMarina,55,5554.0,2,RIC,Daniel Ricciardo,45,4,102.336,4965.996,A5,12,False,,,5,4,100
2018,2018-11-25,YasMarina,55,5554.0,2,RIC,Daniel Ricciardo,46,4,102.622,5068.618,A5,13,False,,,5,4,100
2018,2018-11-25,YasMarina,55,5554.0,2,RIC,Daniel Ricciardo,47,4,103.432,5172.05,A5,14,False,,,5,4,100
2018,2018-11-25,YasMarina,55,5554.0,2,RIC,Daniel Ricciardo,48,4,104.245,5276.295,A5,15,False,,,5,4,100
2018,2018-11-25,YasMarina,55,5554.0,2,RIC,Daniel Ricciardo,49,4,103.26,5379.555,A5,16,False,,,5,4,100
2018,2018-11-25,YasMarina,55,5554.0,2,RIC,Daniel Ricciardo,50,4,102.294,5481.849,A5,17,False,,,5,4,100
2018,2018-11-25,YasMarina,55,5554.0,2,RIC,Daniel Ricciardo,51,4,102.252,5584.101,A5,18,False,,,5,4,100
2018,2018-11-25,YasMarina,55,5554.0,2,RIC,Daniel Ricciardo,52,4,102.863,5686.964,A5,19,False,,,5,4,100
2018,2018-11-25,YasMarina,55,5554.0,2,RIC,Daniel Ricciardo,53,4,102.453,5789.417,A5,20,False,,,5,4,100
2018,2018-11-25,YasMarina,55,5554.0,2,RIC,Daniel Ricciardo,54,4,103.023,5892.44,A5,21,False,,,5,4,100
2018,2018-11-25,YasMarina,55,5554.0,2,RIC,Daniel Ricciardo,55,4,103.321,5995.761,A5,22,False,,,5,4,100
2018,2018-11-25,YasMarina,55,5554.0,25,SAI,Carlos Sainz Jnr,1,11,155.068,155.068,A6,1,False,,,11,6,100
2018,2018-11-25,YasMarina,55,5554.0,25,SAI,Carlos Sainz Jnr,2,11,159.949,315.017,A6,2,False,,,11,6,100
2018,2018-11-25,YasMarina,55,5554.0,25,SAI,Carlos Sainz Jnr,3,11,157.126,472.143,A6,3,False,,,11,6,100
2018,2018-11-25,YasMarina,55,5554.0,25,SAI,Carlos Sainz Jnr,4,11,157.471,629.614,A6,4,False,,,11,6,100
2018,2018-11-25,YasMarina,55,5554.0,25,SAI,Carlos Sainz Jnr,5,11,108.431,738.045,A6,5,False,,,11,6,100
2018,2018-11-25,YasMarina,55,5554.0,25,SAI,Carlos Sainz Jnr,6,10,107.847,845.892,A6,6,False,,,11,6,100
2018,2018-11-25,YasMarina,55,5554.0,25,SAI,Carlos Sainz Jnr,7,11,136.712,982.604,A6,7,False,,,11,6,100
2018,2018-11-25,YasMarina,55,5554.0,25,SAI,Carlos Sainz Jnr,8,9,129.924,1112.528,A6,8,False,,,11,6,100
2018,2018-11-25,YasMarina,55,5554.0,25,SAI,Carlos Sainz Jnr,9,9,106.167,1218.695,A6,9,False,,,11,6,100
2018,2018-11-25,YasMarina,55,5554.0,25,SAI,Carlos Sainz Jnr,10,9,107.018,1325.713,A6,10,False,,,11,6,100
2018,2018-11-25,YasMarina,55,5554.0,25,SAI,Carlos Sainz Jnr,11,9,106.878,1432.591,A6,11,False,,,11,6,100
2018,2018-11-25,YasMarina,55,5554.0,25,SAI,Carlos Sainz Jnr,12,9,107.026,1539.617,A6,12,False,,,11,6,100
2018,2018-11-25,YasMarina,55,5554.0,25,SAI,Carlos Sainz Jnr,13,9,107.753,1647.37,A6,13,False,,,11,6,100
2018,2018-11-25,YasMarina,55,5554.0,25,SAI,Carlos Sainz Jnr,14,8,107.187,1754.557,A6,14,False,,,11,6,100
2018,2018-11-25,YasMarina,55,5554.0,25,SAI,Carlos Sainz Jnr,15,8,107.368,1861.925,A6,15,False,,,11,6,100
2018,2018-11-25,YasMarina,55,5554.0,25,SAI,Carlos Sainz Jnr,16,8,107.122,1969.047,A6,16,False,,,11,6,100
2018,2018-11-25,YasMarina,55,5554.0,25,SAI,Carlos Sainz Jnr,17,8,108.374,2077.421,A6,17,False,,,11,6,100
2018,2018-11-25,YasMarina,55,5554.0,25,SAI,Carlos Sainz Jnr,18,7,106.669,2184.09,A6,18,False,,,11,6,100
2018,2018-11-25,YasMarina,55,5554.0,25,SAI,Carlos Sainz Jnr,19,7,105.734,2289.824,A6,19,False,,,11,6,100
2018,2018-11-25,YasMarina,55,5554.0,25,SAI,Carlos Sainz Jnr,20,7,105.928,2395.752,A6,20,False,,,11,6,100
2018,2018-11-25,YasMarina,55,5554.0,25,SAI,Carlos Sainz Jnr,21,7,105.719,2501.471,A6,21,False,,,11,6,100
2018,2018-11-25,YasMarina,55,5554.0,25,SAI,Carlos Sainz Jnr,22,7,105.334,2606.805,A6,22,False,,,11,6,100
2018,2018-11-25,YasMarina,55,5554.0,25,SAI,Carlos Sainz Jnr,23,7,105.185,2711.99,A6,23,False,,,11,6,100
2018,2018-11-25,YasMarina,55,5554.0,25,SAI,Carlos Sainz Jnr,24,7,105.73,2817.72,A6,24,False,,,11,6,100
2018,2018-11-25,YasMarina,55,5554.0,25,SAI,Carlos Sainz Jnr,25,7,106.126,2923.846,A6,25,False,,,11,6,100
2018,2018-11-25,YasMarina,55,5554.0,25,SAI,Carlos Sainz Jnr,26,6,106.351,3030.197,A6,26,False,,,11,6,100
2018,2018-11-25,YasMarina,55,5554.0,25,SAI,Carlos Sainz Jnr,27,6,105.693,3135.89,A6,27,False,,,11,6,100
2018,2018-11-25,YasMarina,55,5554.0,25,SAI,Carlos Sainz Jnr,28,6,104.124,3240.014,A6,28,False,,,11,6,100
2018,2018-11-25,YasMarina,55,5554.0,25,SAI,Carlos Sainz Jnr,29,6,103.945,3343.959,A6,29,False,,,11,6,100
2018,2018-11-25,YasMarina,55,5554.0,25,SAI,Carlos Sainz Jnr,30,6,103.668,3447.627,A6,30,False,,,11,6,100
2018,2018-11-25,YasMarina,55,5554.0,25,SAI,Carlos Sainz Jnr,31,6,103.818,3551.445,A6,31,False,,,11,6,100
2018,2018-11-25,YasMarina,55,5554.0,25,SAI,Carlos Sainz Jnr,32,6,103.76,3655.205,A6,32,False,,,11,6,100
2018,2018-11-25,YasMarina,55,5554.0,25,SAI,Carlos Sainz Jnr,33,6,103.54,3758.745,A6,33,False,,,11,6,100
2018,2018-11-25,YasMarina,55,5554.0,25,SAI,Carlos Sainz Jnr,34,6,103.852,3862.597,A6,34,False,,,11,6,100
2018,2018-11-25,YasMarina,55,5554.0,25,SAI,Carlos Sainz Jnr,35,6,103.807,3966.404,A6,35,False,,,11,6,100
2018,2018-11-25,YasMarina,55,5554.0,25,SAI,Carlos Sainz Jnr,36,6,104.267,4070.671,A6,36,False,,,11,6,100
2018,2018-11-25,YasMarina,55,5554.0,25,SAI,Carlos Sainz Jnr,37,6,106.098,4176.769,A6,37,True,21.964,A5,11,6,100
2018,2018-11-25,YasMarina,55,5554.0,25,SAI,Carlos Sainz Jnr,38,6,123.274,4300.043,A5,1,False,,,11,6,100
2018,2018-11-25,YasMarina,55,5554.0,25,SAI,Carlos Sainz Jnr,39,6,103.228,4403.271,A5,2,False,,,11,6,100
2018,2018-11-25,YasMarina,55,5554.0,25,SAI,Carlos Sainz Jnr,40,6,103.277,4506.548,A5,3,False,,,11,6,100
2018,2018-11-25,YasMarina,55,5554.0,25,SAI,Carlos Sainz Jnr,41,6,102.983,4609.531,A5,4,False,,,11,6,100
2018,2018-11-25,YasMarina,55,5554.0,25,SAI,Carlos Sainz Jnr,42,6,102.184,4711.715,A5,5,False,,,11,6,100
2018,2018-11-25,YasMarina,55,5554.0,25,SAI,Carlos Sainz Jnr,43,6,102.938,4814.653,A5,6,False,,,11,6,100
2018,2018-11-25,YasMarina,55,5554.0,25,SAI,Carlos Sainz Jnr,44,6,103.346,4917.999,A5,7,False,,,11,6,100
2018,2018-11-25,YasMarina,55,5554.0,25,SAI,Carlos Sainz Jnr,45,6,103.817,5021.816,A5,8,False,,,11,6,100
2018,2018-11-25,YasMarina,55,5554.0,25,SAI,Carlos Sainz Jnr,46,6,104.497,5126.313,A5,9,False,,,11,6,100
2018,2018-11-25,YasMarina,55,5554.0,25,SAI,Carlos Sainz Jnr,47,6,103.517,5229.83,A5,10,False,,,11,6,100
2018,2018-11-25,YasMarina,55,5554.0,25,SAI,Carlos Sainz Jnr,48,6,104.426,5334.256,A5,11,False,,,11,6,100
2018,2018-11-25,YasMarina,55,5554.0,25,SAI,Carlos Sainz Jnr,49,6,103.719,5437.975,A5,12,False,,,11,6,100
2018,2018-11-25,YasMarina,55,5554.0,25,SAI,Carlos Sainz Jnr,50,6,102.68,5540.655,A5,13,False,,,11,6,100
2018,2018-11-25,YasMarina,55,5554.0,25,SAI,Carlos Sainz Jnr,51,6,103.519,5644.174,A5,14,False,,,11,6,100
2018,2018-11-25,YasMarina,55,5554.0,25,SAI,Carlos Sainz Jnr,52,6,102.735,5746.909,A5,15,False,,,11,6,100
2018,2018-11-25,YasMarina,55,5554.0,25,SAI,Carlos Sainz Jnr,53,6,101.539,5848.448,A5,16,False,,,11,6,100
2018,2018-11-25,YasMarina,55,5554.0,25,SAI,Carlos Sainz Jnr,54,6,101.351,5949.799,A5,17,False,,,11,6,100
2018,2018-11-25,YasMarina,55,5554.0,25,SAI,Carlos Sainz Jnr,55,6,103.131,6052.93,A5,18,False,,,11,6,100
2018,2018-11-25,YasMarina,55,5554.0,41,SIR,Sergey Sirotkin,1,18,166.351,166.351,A5,1,False,,,19,15,100
2018,2018-11-25,YasMarina,55,5554.0,41,SIR,Sergey Sirotkin,2,18,159.798,326.149,A5,2,False,,,19,15,100
2018,2018-11-25,YasMarina,55,5554.0,41,SIR,Sergey Sirotkin,3,18,155.575,481.724,A5,3,False,,,19,15,100
2018,2018-11-25,YasMarina,55,5554.0,41,SIR,Sergey Sirotkin,4,18,151.635,633.359,A5,4,False,,,19,15,100
2018,2018-11-25,YasMarina,55,5554.0,41,SIR,Sergey Sirotkin,5,18,109.76,743.119,A5,5,False,,,19,15,100
2018,2018-11-25,YasMarina,55,5554.0,41,SIR,Sergey Sirotkin,6,18,109.422,852.541,A5,6,False,,,19,15,100
2018,2018-11-25,YasMarina,55,5554.0,41,SIR,Sergey Sirotkin,7,17,136.074,988.615,A5,7,False,,,19,15,100
2018,2018-11-25,YasMarina,55,5554.0,41,SIR,Sergey Sirotkin,8,16,130.063,1118.678,A5,8,False,,,19,15,100
2018,2018-11-25,YasMarina,55,5554.0,41,SIR,Sergey Sirotkin,9,16,107.682,1226.36,A5,9,False,,,19,15,100
2018,2018-11-25,YasMarina,55,5554.0,41,SIR,Sergey Sirotkin,10,16,108.12,1334.48,A5,10,False,,,19,15,100
2018,2018-11-25,YasMarina,55,5554.0,41,SIR,Sergey Sirotkin,11,17,109.085,1443.565,A5,11,False,,,19,15,100
2018,2018-11-25,YasMarina,55,5554.0,41,SIR,Sergey Sirotkin,12,17,108.499,1552.064,A5,12,False,,,19,15,100
2018,2018-11-25,YasMarina,55,5554.0,41,SIR,Sergey Sirotkin,13,17,108.313,1660.377,A5,13,False,,,19,15,100
2018,2018-11-25,YasMarina,55,5554.0,41,SIR,Sergey Sirotkin,14,17,107.523,1767.9,A5,14,False,,,19,15,100
2018,2018-11-25,YasMarina,55,5554.0,41,SIR,Sergey Sirotkin,15,17,107.899,1875.799,A5,15,False,,,19,15,100
2018,2018-11-25,YasMarina,55,5554.0,41,SIR,Sergey Sirotkin,16,17,108.201,1984.0,A5,16,False,,,19,15,100
2018,2018-11-25,YasMarina,55,5554.0,41,SIR,Sergey Sirotkin,17,17,107.631,2091.631,A5,17,False,,,19,15,100
2018,2018-11-25,YasMarina,55,5554.0,41,SIR,Sergey Sirotkin,18,17,107.281,2198.912,A5,18,False,,,19,15,100
2018,2018-11-25,YasMarina,55,5554.0,41,SIR,Sergey Sirotkin,19,16,107.299,2306.211,A5,19,False,,,19,15,100
2018,2018-11-25,YasMarina,55,5554.0,41,SIR,Sergey Sirotkin,20,16,106.97,2413.181,A5,20,False,,,19,15,100
2018,2018-11-25,YasMarina,55,5554.0,41,SIR,Sergey Sirotkin,21,16,107.405,2520.586,A5,21,False,,,19,15,100
2018,2018-11-25,YasMarina,55,5554.0,41,SIR,Sergey Sirotkin,22,16,107.294,2627.88,A5,22,False,,,19,15,100
2018,2018-11-25,YasMarina,55,5554.0,41,SIR,Sergey Sirotkin,23,17,109.097,2736.977,A5,23,False,,,19,15,100
2018,2018-11-25,YasMarina,55,5554.0,41,SIR,Sergey Sirotkin,24,17,108.309,2845.286,A5,24,False,,,19,15,100
2018,2018-11-25,YasMarina,55,5554.0,41,SIR,Sergey Sirotkin,25,17,109.026,2954.312,A5,25,False,,,19,15,100
2018,2018-11-25,YasMarina,55,5554.0,41,SIR,Sergey Sirotkin,26,17,107.463,3061.775,A5,26,False,,,19,15,100
2018,2018-11-25,YasMarina,55,5554.0,41,SIR,Sergey Sirotkin,27,17,107.123,3168.898,A5,27,False,,,19,15,100
2018,2018-11-25,YasMarina,55,5554.0,41,SIR,Sergey Sirotkin,28,16,106.611,3275.509,A5,28,False,,,19,15,100
2018,2018-11-25,YasMarina,55,5554.0,41,SIR,Sergey Sirotkin,29,16,106.244,3381.753,A5,29,False,,,19,15,100
2018,2018-11-25,YasMarina,55,5554.0,41,SIR,Sergey Sirotkin,30,15,106.24,3487.993,A5,30,False,,,19,15,100
2018,2018-11-25,YasMarina,55,5554.0,41,SIR,Sergey Sirotkin,31,16,108.073,3596.066,A5,31,False,,,19,15,100
2018,2018-11-25,YasMarina,55,5554.0,41,SIR,Sergey Sirotkin,32,17,108.25,3704.316,A5,32,False,,,19,15,100
2018,2018-11-25,YasMarina,55,5554.0,41,SIR,Sergey Sirotkin,33,17,106.686,3811.002,A5,33,False,,,19,15,100
2018,2018-11-25,YasMarina,55,5554.0,41,SIR,Sergey Sirotkin,34,17,106.155,3917.157,A5,34,False,,,19,15,100
2018,2018-11-25,YasMarina,55,5554.0,41,SIR,Sergey Sirotkin,35,17,108.908,4026.065,A5,35,True,22.755,A6,19,15,100
2018,2018-11-25,YasMarina,55,5554.0,41,SIR,Sergey Sirotkin,36,17,128.251,4154.316,A6,1,False,,,19,15,100
2018,2018-11-25,YasMarina,55,5554.0,41,SIR,Sergey Sirotkin,37,17,105.39,4259.706,A6,2,False,,,19,15,100
2018,2018-11-25,YasMarina,55,5554.0,41,SIR,Sergey Sirotkin,38,17,105.048,4364.754,A6,3,False,,,19,15,100
2018,2018-11-25,YasMarina,55,5554.0,41,SIR,Sergey Sirotkin,39,17,105.063,4469.817,A6,4,False,,,19,15,100
2018,2018-11-25,YasMarina,55,5554.0,41,SIR,Sergey Sirotkin,40,17,105.842,4575.659,A6,5,False,,,19,15,100
2018,2018-11-25,YasMarina,55,5554.0,41,SIR,Sergey Sirotkin,41,17,105.923,4681.582,A6,6,False,,,19,15,100
2018,2018-11-25,YasMarina,55,5554.0,41,SIR,Sergey Sirotkin,42,17,107.212,4788.794,A6,7,False,,,19,15,100
2018,2018-11-25,YasMarina,55,5554.0,41,SIR,Sergey Sirotkin,43,17,105.549,4894.343,A6,8,False,,,19,15,100
2018,2018-11-25,YasMarina,55,5554.0,41,SIR,Sergey Sirotkin,44,17,105.288,4999.631,A6,9,False,,,19,15,100
2018,2018-11-25,YasMarina,55,5554.0,41,SIR,Sergey Sirotkin,45,16,106.055,5105.686,A6,10,False,,,19,15,100
2018,2018-11-25,YasMarina,55,5554.0,41,SIR,Sergey Sirotkin,46,16,105.509,5211.195,A6,11,False,,,19,15,100
2018,2018-11-25,YasMarina,55,5554.0,41,SIR,Sergey Sirotkin,47,15,106.484,5317.679,A6,12,False,,,19,15,100
2018,2018-11-25,YasMarina,55,5554.0,41,SIR,Sergey Sirotkin,48,15,105.223,5422.902,A6,13,False,,,19,15,100
2018,2018-11-25,YasMarina,55,5554.0,41,SIR,Sergey Sirotkin,49,15,104.759,5527.661,A6,14,False,,,19,15,100
2018,2018-11-25,YasMarina,55,5554.0,41,SIR,Sergey Sirotkin,50,15,104.235,5631.896,A6,15,False,,,19,15,100
2018,2018-11-25,YasMarina,55,5554.0,41,SIR,Sergey Sirotkin,51,15,104.289,5736.185,A6,16,False,,,19,15,100
2018,2018-11-25,YasMarina,55,5554.0,41,SIR,Sergey Sirotkin,52,15,103.897,5840.082,A6,17,False,,,19,15,100
2018,2018-11-25,YasMarina,55,5554.0,41,SIR,Sergey Sirotkin,53,15,104.035,5944.117,A6,18,False,,,19,15,100
2018,2018-11-25,YasMarina,55,5554.0,41,SIR,Sergey Sirotkin,54,15,103.831,6047.948,A6,19,False,,,19,15,100
2018,2018-11-25,YasMarina,55,5554.0,36,STR,Lance Stroll,1,15,162.17,162.17,A5,1,False,,,20,13,100
2018,2018-11-25,YasMarina,55,5554.0,36,STR,Lance Stroll,2,15,160.184,322.354,A5,2,False,,,20,13,100
2018,2018-11-25,YasMarina,55,5554.0,36,STR,Lance Stroll,3,15,154.41,476.764,A5,3,False,,,20,13,100
2018,2018-11-25,YasMarina,55,5554.0,36,STR,Lance Stroll,4,15,155.19,631.954,A5,4,False,,,20,13,100
2018,2018-11-25,YasMarina,55,5554.0,36,STR,Lance Stroll,5,16,109.891,741.845,A5,5,False,,,20,13,100
2018,2018-11-25,YasMarina,55,5554.0,36,STR,Lance Stroll,6,16,108.767,850.612,A5,6,False,,,20,13,100
2018,2018-11-25,YasMarina,55,5554.0,36,STR,Lance Stroll,7,15,135.633,986.245,A5,7,False,,,20,13,100
2018,2018-11-25,YasMarina,55,5554.0,36,STR,Lance Stroll,8,13,129.74,1115.985,A5,8,False,,,20,13,100
2018,2018-11-25,YasMarina,55,5554.0,36,STR,Lance Stroll,9,14,107.758,1223.743,A5,9,False,,,20,13,100
2018,2018-11-25,YasMarina,55,5554.0,36,STR,Lance Stroll,10,14,107.667,1331.41,A5,10,False,,,20,13,100
2018,2018-11-25,YasMarina,55,5554.0,36,STR,Lance Stroll,11,14,107.937,1439.347,A5,11,False,,,20,13,100
2018,2018-11-25,YasMarina,55,5554.0,36,STR,Lance Stroll,12,14,107.732,1547.079,A5,12,False,,,20,13,100
2018,2018-11-25,YasMarina,55,5554.0,36,STR,Lance Stroll,13,14,107.63,1654.709,A5,13,False,,,20,13,100
2018,2018-11-25,YasMarina,55,5554.0,36,STR,Lance Stroll,14,14,107.827,1762.536,A5,14,False,,,20,13,100
2018,2018-11-25,YasMarina,55,5554.0,36,STR,Lance Stroll,15,14,107.983,1870.519,A5,15,False,,,20,13,100
2018,2018-11-25,YasMarina,55,5554.0,36,STR,Lance Stroll,16,14,107.7,1978.219,A5,16,False,,,20,13,100
2018,2018-11-25,YasMarina,55,5554.0,36,STR,Lance Stroll,17,14,107.943,2086.162,A5,17,False,,,20,13,100
2018,2018-11-25,YasMarina,55,5554.0,36,STR,Lance Stroll,18,14,107.709,2193.871,A5,18,False,,,20,13,100
2018,2018-11-25,YasMarina,55,5554.0,36,STR,Lance Stroll,19,13,107.603,2301.474,A5,19,False,,,20,13,100
2018,2018-11-25,YasMarina,55,5554.0,36,STR,Lance Stroll,20,13,107.457,2408.931,A5,20,False,,,20,13,100
2018,2018-11-25,YasMarina,55,5554.0,36,STR,Lance Stroll,21,13,107.275,2516.206,A5,21,False,,,20,13,100
2018,2018-11-25,YasMarina,55,5554.0,36,STR,Lance Stroll,22,13,107.248,2623.454,A5,22,False,,,20,13,100
2018,2018-11-25,YasMarina,55,5554.0,36,STR,Lance Stroll,23,13,107.04,2730.494,A5,23,False,,,20,13,100
2018,2018-11-25,YasMarina,55,5554.0,36,STR,Lance Stroll,24,13,107.203,2837.697,A5,24,False,,,20,13,100
2018,2018-11-25,YasMarina,55,5554.0,36,STR,Lance Stroll,25,12,107.131,2944.828,A5,25,False,,,20,13,100
2018,2018-11-25,YasMarina,55,5554.0,36,STR,Lance Stroll,26,12,107.327,3052.155,A5,26,False,,,20,13,100
2018,2018-11-25,YasMarina,55,5554.0,36,STR,Lance Stroll,27,12,107.423,3159.578,A5,27,False,,,20,13,100
2018,2018-11-25,YasMarina,55,5554.0,36,STR,Lance Stroll,28,11,106.278,3265.856,A5,28,False,,,20,13,100
2018,2018-11-25,YasMarina,55,5554.0,36,STR,Lance Stroll,29,11,105.821,3371.677,A5,29,False,,,20,13,100
2018,2018-11-25,YasMarina,55,5554.0,36,STR,Lance Stroll,30,10,105.766,3477.443,A5,30,False,,,20,13,100
2018,2018-11-25,YasMarina,55,5554.0,36,STR,Lance Stroll,31,10,105.526,3582.969,A5,31,False,,,20,13,100
2018,2018-11-25,YasMarina,55,5554.0,36,STR,Lance Stroll,32,10,105.16,3688.129,A5,32,False,,,20,13,100
2018,2018-11-25,YasMarina,55,5554.0,36,STR,Lance Stroll,33,10,105.637,3793.766,A5,33,False,,,20,13,100
2018,2018-11-25,YasMarina,55,5554.0,36,STR,Lance Stroll,34,10,105.493,3899.259,A5,34,False,,,20,13,100
2018,2018-11-25,YasMarina,55,5554.0,36,STR,Lance Stroll,35,10,105.965,4005.224,A5,35,False,,,20,13,100
2018,2018-11-25,YasMarina,55,5554.0,36,STR,Lance Stroll,36,10,105.672,4110.896,A5,36,False,,,20,13,100
2018,2018-11-25,YasMarina,55,5554.0,36,STR,Lance Stroll,37,10,105.636,4216.532,A5,37,False,,,20,13,100
2018,2018-11-25,YasMarina,55,5554.0,36,STR,Lance Stroll,38,11,107.249,4323.781,A5,38,False,,,20,13,100
2018,2018-11-25,YasMarina,55,5554.0,36,STR,Lance Stroll,39,11,106.433,4430.214,A5,39,False,,,20,13,100
2018,2018-11-25,YasMarina,55,5554.0,36,STR,Lance Stroll,40,12,107.905,4538.119,A5,40,True,22.189,A6,20,13,100
2018,2018-11-25,YasMarina,55,5554.0,36,STR,Lance Stroll,41,15,125.942,4664.061,A6,1,False,,,20,13,100
2018,2018-11-25,YasMarina,55,5554.0,36,STR,Lance Stroll,42,15,104.888,4768.949,A6,2,False,,,20,13,100
2018,2018-11-25,YasMarina,55,5554.0,36,STR,Lance Stroll,43,15,104.536,4873.485,A6,3,False,,,20,13,100
2018,2018-11-25,YasMarina,55,5554.0,36,STR,Lance Stroll,44,15,105.081,4978.566,A6,4,False,,,20,13,100
2018,2018-11-25,YasMarina,55,5554.0,36,STR,Lance Stroll,45,14,106.371,5084.937,A6,5,False,,,20,13,100
2018,2018-11-25,YasMarina,55,5554.0,36,STR,Lance Stroll,46,14,105.651,5190.588,A6,6,False,,,20,13,100
2018,2018-11-25,YasMarina,55,5554.0,36,STR,Lance Stroll,47,13,106.143,5296.731,A6,7,False,,,20,13,100
2018,2018-11-25,YasMarina,55,5554.0,36,STR,Lance Stroll,48,13,105.444,5402.175,A6,8,False,,,20,13,100
2018,2018-11-25,YasMarina,55,5554.0,36,STR,Lance Stroll,49,13,105.343,5507.518,A6,9,False,,,20,13,100
2018,2018-11-25,YasMarina,55,5554.0,36,STR,Lance Stroll,50,13,106.243,5613.761,A6,10,False,,,20,13,100
2018,2018-11-25,YasMarina,55,5554.0,36,STR,Lance Stroll,51,13,104.425,5718.186,A6,11,False,,,20,13,100
2018,2018-11-25,YasMarina,55,5554.0,36,STR,Lance Stroll,52,13,104.459,5822.645,A6,12,False,,,20,13,100
2018,2018-11-25,YasMarina,55,5554.0,36,STR,Lance Stroll,53,13,104.033,5926.678,A6,13,False,,,20,13,100
2018,2018-11-25,YasMarina,55,5554.0,36,STR,Lance Stroll,54,13,104.583,6031.261,A6,14,False,,,20,13,100
2018,2018-11-25,YasMarina,55,5554.0,33,VAN,Stoffel Vandoorne,1,17,165.473,165.473,A5,1,False,,,18,14,100
2018,2018-11-25,YasMarina,55,5554.0,33,VAN,Stoffel Vandoorne,2,17,159.47,324.943,A5,2,False,,,18,14,100
2018,2018-11-25,YasMarina,55,5554.0,33,VAN,Stoffel Vandoorne,3,17,155.614,480.557,A5,3,False,,,18,14,100
2018,2018-11-25,YasMarina,55,5554.0,33,VAN,Stoffel Vandoorne,4,17,152.26,632.817,A5,4,False,,,18,14,100
2018,2018-11-25,YasMarina,55,5554.0,33,VAN,Stoffel Vandoorne,5,17,109.545,742.362,A5,5,False,,,18,14,100
2018,2018-11-25,YasMarina,55,5554.0,33,VAN,Stoffel Vandoorne,6,17,109.092,851.454,A5,6,False,,,18,14,100
2018,2018-11-25,YasMarina,55,5554.0,33,VAN,Stoffel Vandoorne,7,16,135.522,986.976,A5,7,False,,,18,14,100
2018,2018-11-25,YasMarina,55,5554.0,33,VAN,Stoffel Vandoorne,8,15,130.457,1117.433,A5,8,False,,,18,14,100
2018,2018-11-25,YasMarina,55,5554.0,33,VAN,Stoffel Vandoorne,9,15,107.635,1225.068,A5,9,False,,,18,14,100
2018,2018-11-25,YasMarina,55,5554.0,33,VAN,Stoffel Vandoorne,10,15,107.693,1332.761,A5,10,False,,,18,14,100
2018,2018-11-25,YasMarina,55,5554.0,33,VAN,Stoffel Vandoorne,11,15,107.885,1440.646,A5,11,False,,,18,14,100
2018,2018-11-25,YasMarina,55,5554.0,33,VAN,Stoffel Vandoorne,12,15,107.811,1548.457,A5,12,False,,,18,14,100
2018,2018-11-25,YasMarina,55,5554.0,33,VAN,Stoffel Vandoorne,13,15,107.827,1656.284,A5,13,False,,,18,14,100
2018,2018-11-25,YasMarina,55,5554.0,33,VAN,Stoffel Vandoorne,14,15,107.923,1764.207,A5,14,False,,,18,14,100
2018,2018-11-25,YasMarina,55,5554.0,33,VAN,Stoffel Vandoorne,15,15,107.766,1871.973,A5,15,False,,,18,14,100
2018,2018-11-25,YasMarina,55,5554.0,33,VAN,Stoffel Vandoorne,16,15,107.652,1979.625,A5,16,False,,,18,14,100
2018,2018-11-25,YasMarina,55,5554.0,33,VAN,Stoffel Vandoorne,17,15,107.899,2087.524,A5,17,False,,,18,14,100
2018,2018-11-25,YasMarina,55,5554.0,33,VAN,Stoffel Vandoorne,18,15,107.504,2195.028,A5,18,False,,,18,14,100
2018,2018-11-25,YasMarina,55,5554.0,33,VAN,Stoffel Vandoorne,19,14,107.404,2302.432,A5,19,False,,,18,14,100
2018,2018-11-25,YasMarina,55,5554.0,33,VAN,Stoffel Vandoorne,20,14,107.669,2410.101,A5,20,False,,,18,14,100
2018,2018-11-25,YasMarina,55,5554.0,33,VAN,Stoffel Vandoorne,21,14,107.695,2517.796,A5,21,False,,,18,14,100
2018,2018-11-25,YasMarina,55,5554.0,33,VAN,Stoffel Vandoorne,22,14,107.224,2625.02,A5,22,False,,,18,14,100
2018,2018-11-25,YasMarina,55,5554.0,33,VAN,Stoffel Vandoorne,23,14,107.3,2732.32,A5,23,False,,,18,14,100
2018,2018-11-25,YasMarina,55,5554.0,33,VAN,Stoffel Vandoorne,24,14,107.101,2839.421,A5,24,False,,,18,14,100
2018,2018-11-25,YasMarina,55,5554.0,33,VAN,Stoffel Vandoorne,25,13,107.127,2946.548,A5,25,False,,,18,14,100
2018,2018-11-25,YasMarina,55,5554.0,33,VAN,Stoffel Vandoorne,26,13,107.422,3053.97,A5,26,False,,,18,14,100
2018,2018-11-25,YasMarina,55,5554.0,33,VAN,Stoffel Vandoorne,27,13,107.879,3161.849,A5,27,False,,,18,14,100
2018,2018-11-25,YasMarina,55,5554.0,33,VAN,Stoffel Vandoorne,28,12,106.293,3268.142,A5,28,False,,,18,14,100
2018,2018-11-25,YasMarina,55,5554.0,33,VAN,Stoffel Vandoorne,29,12,106.663,3374.805,A5,29,False,,,18,14,100
2018,2018-11-25,YasMarina,55,5554.0,33,VAN,Stoffel Vandoorne,30,11,107.472,3482.277,A5,30,False,,,18,14,100
2018,2018-11-25,YasMarina,55,5554.0,33,VAN,Stoffel Vandoorne,31,12,108.795,3591.072,A5,31,False,,,18,14,100
2018,2018-11-25,YasMarina,55,5554.0,33,VAN,Stoffel Vandoorne,32,13,107.487,3698.559,A5,32,False,,,18,14,100
2018,2018-11-25,YasMarina,55,5554.0,33,VAN,Stoffel Vandoorne,33,13,106.302,3804.861,A5,33,False,,,18,14,100
2018,2018-11-25,YasMarina,55,5554.0,33,VAN,Stoffel Vandoorne,34,13,106.99,3911.851,A5,34,False,,,18,14,100
2018,2018-11-25,YasMarina,55,5554.0,33,VAN,Stoffel Vandoorne,35,15,109.18,4021.031,A5,35,True,22.317,A6,18,14,100
2018,2018-11-25,YasMarina,55,5554.0,33,VAN,Stoffel Vandoorne,36,16,126.769,4147.8,A6,1,False,,,18,14,100
2018,2018-11-25,YasMarina,55,5554.0,33,VAN,Stoffel Vandoorne,37,16,105.115,4252.915,A6,2,False,,,18,14,100
2018,2018-11-25,YasMarina,55,5554.0,33,VAN,Stoffel Vandoorne,38,16,104.89,4357.805,A6,3,False,,,18,14,100
2018,2018-11-25,YasMarina,55,5554.0,33,VAN,Stoffel Vandoorne,39,16,105.256,4463.061,A6,4,False,,,18,14,100
2018,2018-11-25,YasMarina,55,5554.0,33,VAN,Stoffel Vandoorne,40,16,105.164,4568.225,A6,5,False,,,18,14,100
2018,2018-11-25,YasMarina,55,5554.0,33,VAN,Stoffel Vandoorne,41,16,104.874,4673.099,A6,6,False,,,18,14,100
2018,2018-11-25,YasMarina,55,5554.0,33,VAN,Stoffel Vandoorne,42,16,104.59,4777.689,A6,7,False,,,18,14,100
2018,2018-11-25,YasMarina,55,5554.0,33,VAN,Stoffel Vandoorne,43,16,104.421,4882.11,A6,8,False,,,18,14,100
2018,2018-11-25,YasMarina,55,5554.0,33,VAN,Stoffel Vandoorne,44,16,104.812,4986.922,A6,9,False,,,18,14,100
2018,2018-11-25,YasMarina,55,5554.0,33,VAN,Stoffel Vandoorne,45,15,105.997,5092.919,A6,10,False,,,18,14,100
2018,2018-11-25,YasMarina,55,5554.0,33,VAN,Stoffel Vandoorne,46,15,106.428,5199.347,A6,11,False,,,18,14,100
2018,2018-11-25,YasMarina,55,5554.0,33,VAN,Stoffel Vandoorne,47,14,105.101,5304.448,A6,12,False,,,18,14,100
2018,2018-11-25,YasMarina,55,5554.0,33,VAN,Stoffel Vandoorne,48,14,104.391,5408.839,A6,13,False,,,18,14,100
2018,2018-11-25,YasMarina,55,5554.0,33,VAN,Stoffel Vandoorne,49,14,104.074,5512.913,A6,14,False,,,18,14,100
2018,2018-11-25,YasMarina,55,5554.0,33,VAN,Stoffel Vandoorne,50,14,103.893,5616.806,A6,15,False,,,18,14,100
2018,2018-11-25,YasMarina,55,5554.0,33,VAN,Stoffel Vandoorne,51,14,104.227,5721.033,A6,16,False,,,18,14,100
2018,2018-11-25,YasMarina,55,5554.0,33,VAN,Stoffel Vandoorne,52,14,103.718,5824.751,A6,17,False,,,18,14,100
2018,2018-11-25,YasMarina,55,5554.0,33,VAN,Stoffel Vandoorne,53,14,103.249,5928.0,A6,18,False,,,18,14,100
2018,2018-11-25,YasMarina,55,5554.0,33,VAN,Stoffel Vandoorne,54,14,103.945,6031.945,A6,19,False,,,18,14,100
2018,2018-11-25,YasMarina,55,5554.0,27,VER,Max Verstappen,1,9,152.833,152.833,A7,3,False,,,6,3,100
2018,2018-11-25,YasMarina,55,5554.0,27,VER,Max Verstappen,2,9,159.311,312.144,A7,4,False,,,6,3,100
2018,2018-11-25,YasMarina,55,5554.0,27,VER,Max Verstappen,3,9,157.091,469.235,A7,5,False,,,6,3,100
2018,2018-11-25,YasMarina,55,5554.0,27,VER,Max Verstappen,4,9,159.411,628.646,A7,6,False,,,6,3,100
2018,2018-11-25,YasMarina,55,5554.0,27,VER,Max Verstappen,5,9,107.363,736.009,A7,7,False,,,6,3,100
2018,2018-11-25,YasMarina,55,5554.0,27,VER,Max Verstappen,6,7,106.601,842.61,A7,8,False,,,6,3,100
2018,2018-11-25,YasMarina,55,5554.0,27,VER,Max Verstappen,7,6,131.879,974.489,A7,9,False,,,6,3,100
2018,2018-11-25,YasMarina,55,5554.0,27,VER,Max Verstappen,8,4,132.348,1106.837,A7,10,False,,,6,3,100
2018,2018-11-25,YasMarina,55,5554.0,27,VER,Max Verstappen,9,4,104.367,1211.204,A7,11,False,,,6,3,100
2018,2018-11-25,YasMarina,55,5554.0,27,VER,Max Verstappen,10,4,104.045,1315.249,A7,12,False,,,6,3,100
2018,2018-11-25,YasMarina,55,5554.0,27,VER,Max Verstappen,11,4,104.374,1419.623,A7,13,False,,,6,3,100
2018,2018-11-25,YasMarina,55,5554.0,27,VER,Max Verstappen,12,4,104.523,1524.146,A7,14,False,,,6,3,100
2018,2018-11-25,YasMarina,55,5554.0,27,VER,Max Verstappen,13,4,104.875,1629.021,A7,15,False,,,6,3,100
2018,2018-11-25,YasMarina,55,5554.0,27,VER,Max Verstappen,14,4,105.032,1734.053,A7,16,False,,,6,3,100
2018,2018-11-25,YasMarina,55,5554.0,27,VER,Max Verstappen,15,4,105.176,1839.229,A7,17,False,,,6,3,100
2018,2018-11-25,YasMarina,55,5554.0,27,VER,Max Verstappen,16,3,105.1,1944.329,A7,18,False,,,6,3,100
2018,2018-11-25,YasMarina,55,5554.0,27,VER,Max Verstappen,17,2,106.678,2051.007,A7,19,True,21.057,A5,6,3,100
2018,2018-11-25,YasMarina,55,5554.0,27,VER,Max Verstappen,18,5,121.596,2172.603,A5,1,False,,,6,3,100
2018,2018-11-25,YasMarina,55,5554.0,27,VER,Max Verstappen,19,5,103.465,2276.068,A5,2,False,,,6,3,100
2018,2018-11-25,YasMarina,55,5554.0,27,VER,Max Verstappen,20,5,103.793,2379.861,A5,3,False,,,6,3,100
2018,2018-11-25,YasMarina,55,5554.0,27,VER,Max Verstappen,21,5,103.715,2483.576,A5,4,False,,,6,3,100
2018,2018-11-25,YasMarina,55,5554.0,27,VER,Max Verstappen,22,5,103.659,2587.235,A5,5,False,,,6,3,100
2018,2018-11-25,YasMarina,55,5554.0,27,VER,Max Verstappen,23,5,103.869,2691.104,A5,6,False,,,6,3,100
2018,2018-11-25,YasMarina,55,5554.0,27,VER,Max Verstappen,24,5,104.021,2795.125,A5,7,False,,,6,3,100
2018,2018-11-25,YasMarina,55,5554.0,27,VER,Max Verstappen,25,5,103.713,2898.838,A5,8,False,,,6,3,100
2018,2018-11-25,YasMarina,55,5554.0,27,VER,Max Verstappen,26,5,104.391,3003.229,A5,9,False,,,6,3,100
2018,2018-11-25,YasMarina,55,5554.0,27,VER,Max Verstappen,27,5,104.73,3107.959,A5,10,False,,,6,3,100
2018,2018-11-25,YasMarina,55,5554.0,27,VER,Max Verstappen,28,5,103.672,3211.631,A5,11,False,,,6,3,100
2018,2018-11-25,YasMarina,55,5554.0,27,VER,Max Verstappen,29,5,103.108,3314.739,A5,12,False,,,6,3,100
2018,2018-11-25,YasMarina,55,5554.0,27,VER,Max Verstappen,30,5,103.0,3417.739,A5,13,False,,,6,3,100
2018,2018-11-25,YasMarina,55,5554.0,27,VER,Max Verstappen,31,5,103.451,3521.19,A5,14,False,,,6,3,100
2018,2018-11-25,YasMarina,55,5554.0,27,VER,Max Verstappen,32,5,103.263,3624.453,A5,15,False,,,6,3,100
2018,2018-11-25,YasMarina,55,5554.0,27,VER,Max Verstappen,33,5,102.975,3727.428,A5,16,False,,,6,3,100
2018,2018-11-25,YasMarina,55,5554.0,27,VER,Max Verstappen,34,4,103.325,3830.753,A5,17,False,,,6,3,100
2018,2018-11-25,YasMarina,55,5554.0,27,VER,Max Verstappen,35,4,104.099,3934.852,A5,18,False,,,6,3,100
2018,2018-11-25,YasMarina,55,5554.0,27,VER,Max Verstappen,36,4,104.873,4039.725,A5,19,False,,,6,3,100
2018,2018-11-25,YasMarina,55,5554.0,27,VER,Max Verstappen,37,4,103.469,4143.194,A5,20,False,,,6,3,100
2018,2018-11-25,YasMarina,55,5554.0,27,VER,Max Verstappen,38,3,103.558,4246.752,A5,21,False,,,6,3,100
2018,2018-11-25,YasMarina,55,5554.0,27,VER,Max Verstappen,39,3,102.7,4349.452,A5,22,False,,,6,3,100
2018,2018-11-25,YasMarina,55,5554.0,27,VER,Max Verstappen,40,3,102.429,4451.881,A5,23,False,,,6,3,100
2018,2018-11-25,YasMarina,55,5554.0,27,VER,Max Verstappen,41,3,102.761,4554.642,A5,24,False,,,6,3,100
2018,2018-11-25,YasMarina,55,5554.0,27,VER,Max Verstappen,42,3,102.375,4657.017,A5,25,False,,,6,3,100
2018,2018-11-25,YasMarina,55,5554.0,27,VER,Max Verstappen,43,3,102.337,4759.354,A5,26,False,,,6,3,100
2018,2018-11-25,YasMarina,55,5554.0,27,VER,Max Verstappen,44,3,102.665,4862.019,A5,27,False,,,6,3,100
2018,2018-11-25,YasMarina,55,5554.0,27,VER,Max Verstappen,45,3,102.331,4964.35,A5,28,False,,,6,3,100
2018,2018-11-25,YasMarina,55,5554.0,27,VER,Max Verstappen,46,3,102.281,5066.631,A5,29,False,,,6,3,100
2018,2018-11-25,YasMarina,55,5554.0,27,VER,Max Verstappen,47,3,103.638,5170.269,A5,30,False,,,6,3,100
2018,2018-11-25,YasMarina,55,5554.0,27,VER,Max Verstappen,48,3,103.996,5274.265,A5,31,False,,,6,3,100
2018,2018-11-25,YasMarina,55,5554.0,27,VER,Max Verstappen,49,3,103.195,5377.46,A5,32,False,,,6,3,100
2018,2018-11-25,YasMarina,55,5554.0,27,VER,Max Verstappen,50,3,102.187,5479.647,A5,33,False,,,6,3,100
2018,2018-11-25,YasMarina,55,5554.0,27,VER,Max Verstappen,51,3,101.909,5581.556,A5,34,False,,,6,3,100
2018,2018-11-25,YasMarina,55,5554.0,27,VER,Max Verstappen,52,3,102.873,5684.429,A5,35,False,,,6,3,100
2018,2018-11-25,YasMarina,55,5554.0,27,VER,Max Verstappen,53,3,102.308,5786.737,A5,36,False,,,6,3,100
2018,2018-11-25,YasMarina,55,5554.0,27,VER,Max Verstappen,54,3,102.608,5889.345,A5,37,False,,,6,3,100
2018,2018-11-25,YasMarina,55,5554.0,27,VER,Max Verstappen,55,3,103.743,5993.088,A5,38,False,,,6,3,100
2018,2018-11-25,YasMarina,55,5554.0,12,VET,Sebastian Vettel,1,3,144.248,144.248,A6,3,False,,,3,2,100
2018,2018-11-25,YasMarina,55,5554.0,12,VET,Sebastian Vettel,2,3,160.62,304.868,A6,4,False,,,3,2,100
2018,2018-11-25,YasMarina,55,5554.0,12,VET,Sebastian Vettel,3,3,157.771,462.639,A6,5,False,,,3,2,100
2018,2018-11-25,YasMarina,55,5554.0,12,VET,Sebastian Vettel,4,3,163.017,625.656,A6,6,False,,,3,2,100
2018,2018-11-25,YasMarina,55,5554.0,12,VET,Sebastian Vettel,5,3,104.87,730.526,A6,7,False,,,3,2,100
2018,2018-11-25,YasMarina,55,5554.0,12,VET,Sebastian Vettel,6,3,105.497,836.023,A6,8,False,,,3,2,100
2018,2018-11-25,YasMarina,55,5554.0,12,VET,Sebastian Vettel,7,3,129.512,965.535,A6,9,False,,,3,2,100
2018,2018-11-25,YasMarina,55,5554.0,12,VET,Sebastian Vettel,8,2,135.199,1100.734,A6,10,False,,,3,2,100
2018,2018-11-25,YasMarina,55,5554.0,12,VET,Sebastian Vettel,9,2,104.412,1205.146,A6,11,False,,,3,2,100
2018,2018-11-25,YasMarina,55,5554.0,12,VET,Sebastian Vettel,10,2,105.055,1310.201,A6,12,False,,,3,2,100
2018,2018-11-25,YasMarina,55,5554.0,12,VET,Sebastian Vettel,11,2,105.372,1415.573,A6,13,False,,,3,2,100
2018,2018-11-25,YasMarina,55,5554.0,12,VET,Sebastian Vettel,12,2,105.257,1520.83,A6,14,False,,,3,2,100
2018,2018-11-25,YasMarina,55,5554.0,12,VET,Sebastian Vettel,13,2,105.338,1626.168,A6,15,False,,,3,2,100
2018,2018-11-25,YasMarina,55,5554.0,12,VET,Sebastian Vettel,14,2,104.921,1731.089,A6,16,False,,,3,2,100
2018,2018-11-25,YasMarina,55,5554.0,12,VET,Sebastian Vettel,15,3,107.097,1838.186,A6,17,True,22.63,A5,3,2,100
2018,2018-11-25,YasMarina,55,5554.0,12,VET,Sebastian Vettel,16,5,125.214,1963.4,A5,1,False,,,3,2,100
2018,2018-11-25,YasMarina,55,5554.0,12,VET,Sebastian Vettel,17,5,103.602,2067.002,A5,2,False,,,3,2,100
2018,2018-11-25,YasMarina,55,5554.0,12,VET,Sebastian Vettel,18,4,103.385,2170.387,A5,3,False,,,3,2,100
2018,2018-11-25,YasMarina,55,5554.0,12,VET,Sebastian Vettel,19,4,103.775,2274.162,A5,4,False,,,3,2,100
2018,2018-11-25,YasMarina,55,5554.0,12,VET,Sebastian Vettel,20,4,103.897,2378.059,A5,5,False,,,3,2,100
2018,2018-11-25,YasMarina,55,5554.0,12,VET,Sebastian Vettel,21,4,103.818,2481.877,A5,6,False,,,3,2,100
2018,2018-11-25,YasMarina,55,5554.0,12,VET,Sebastian Vettel,22,4,103.704,2585.581,A5,7,False,,,3,2,100
2018,2018-11-25,YasMarina,55,5554.0,12,VET,Sebastian Vettel,23,4,103.848,2689.429,A5,8,False,,,3,2,100
2018,2018-11-25,YasMarina,55,5554.0,12,VET,Sebastian Vettel,24,4,103.918,2793.347,A5,9,False,,,3,2,100
2018,2018-11-25,YasMarina,55,5554.0,12,VET,Sebastian Vettel,25,4,103.949,2897.296,A5,10,False,,,3,2,100
2018,2018-11-25,YasMarina,55,5554.0,12,VET,Sebastian Vettel,26,4,104.513,3001.809,A5,11,False,,,3,2,100
2018,2018-11-25,YasMarina,55,5554.0,12,VET,Sebastian Vettel,27,4,104.762,3106.571,A5,12,False,,,3,2,100
2018,2018-11-25,YasMarina,55,5554.0,12,VET,Sebastian Vettel,28,4,103.465,3210.036,A5,13,False,,,3,2,100
2018,2018-11-25,YasMarina,55,5554.0,12,VET,Sebastian Vettel,29,4,103.017,3313.053,A5,14,False,,,3,2,100
2018,2018-11-25,YasMarina,55,5554.0,12,VET,Sebastian Vettel,30,4,103.027,3416.08,A5,15,False,,,3,2,100
2018,2018-11-25,YasMarina,55,5554.0,12,VET,Sebastian Vettel,31,4,103.435,3519.515,A5,16,False,,,3,2,100
2018,2018-11-25,YasMarina,55,5554.0,12,VET,Sebastian Vettel,32,4,103.025,3622.54,A5,17,False,,,3,2,100
2018,2018-11-25,YasMarina,55,5554.0,12,VET,Sebastian Vettel,33,4,103.269,3725.809,A5,18,False,,,3,2,100
2018,2018-11-25,YasMarina,55,5554.0,12,VET,Sebastian Vettel,34,3,103.368,3829.177,A5,19,False,,,3,2,100
2018,2018-11-25,YasMarina,55,5554.0,12,VET,Sebastian Vettel,35,2,103.441,3932.618,A5,20,False,,,3,2,100
2018,2018-11-25,YasMarina,55,5554.0,12,VET,Sebastian Vettel,36,2,103.498,4036.116,A5,21,False,,,3,2,100
2018,2018-11-25,YasMarina,55,5554.0,12,VET,Sebastian Vettel,37,2,102.648,4138.764,A5,22,False,,,3,2,100
2018,2018-11-25,YasMarina,55,5554.0,12,VET,Sebastian Vettel,38,2,102.768,4241.532,A5,23,False,,,3,2,100
2018,2018-11-25,YasMarina,55,5554.0,12,VET,Sebastian Vettel,39,2,102.858,4344.39,A5,24,False,,,3,2,100
2018,2018-11-25,YasMarina,55,5554.0,12,VET,Sebastian Vettel,40,2,102.948,4447.338,A5,25,False,,,3,2,100
2018,2018-11-25,YasMarina,55,5554.0,12,VET,Sebastian Vettel,41,2,103.067,4550.405,A5,26,False,,,3,2,100
2018,2018-11-25,YasMarina,55,5554.0,12,VET,Sebastian Vettel,42,2,102.761,4653.166,A5,27,False,,,3,2,100
2018,2018-11-25,YasMarina,55,5554.0,12,VET,Sebastian Vettel,43,2,103.1,4756.266,A5,28,False,,,3,2,100
2018,2018-11-25,YasMarina,55,5554.0,12,VET,Sebastian Vettel,44,2,102.738,4859.004,A5,29,False,,,3,2,100
2018,2018-11-25,YasMarina,55,5554.0,12,VET,Sebastian Vettel,45,2,102.58,4961.584,A5,30,False,,,3,2,100
2018,2018-11-25,YasMarina,55,5554.0,12,VET,Sebastian Vettel,46,2,102.75,5064.334,A5,31,False,,,3,2,100
2018,2018-11-25,YasMarina,55,5554.0,12,VET,Sebastian Vettel,47,2,103.732,5168.066,A5,32,False,,,3,2,100
2018,2018-11-25,YasMarina,55,5554.0,12,VET,Sebastian Vettel,48,2,102.768,5270.834,A5,33,False,,,3,2,100
2018,2018-11-25,YasMarina,55,5554.0,12,VET,Sebastian Vettel,49,2,102.787,5373.621,A5,34,False,,,3,2,100
2018,2018-11-25,YasMarina,55,5554.0,12,VET,Sebastian Vettel,50,2,102.008,5475.629,A5,35,False,,,3,2,100
2018,2018-11-25,YasMarina,55,5554.0,12,VET,Sebastian Vettel,51,2,101.45,5577.079,A5,36,False,,,3,2,100
2018,2018-11-25,YasMarina,55,5554.0,12,VET,Sebastian Vettel,52,2,102.233,5679.312,A5,37,False,,,3,2,100
2018,2018-11-25,YasMarina,55,5554.0,12,VET,Sebastian Vettel,53,2,101.488,5780.8,A5,38,False,,,3,2,100
2018,2018-11-25,YasMarina,55,5554.0,12,VET,Sebastian Vettel,54,2,100.867,5881.667,A5,39,False,,,3,2,100
2018,2018-11-25,YasMarina,55,5554.0,12,VET,Sebastian Vettel,55,2,101.296,5982.963,A5,40,False,,,3,2,100
